image_path,raw_label,clean_label,class_name,usable_for_training,split,quality_pass,class_index
C:\Users\Eng-Azhar\OneDrive\Desktop\DL_IM_Project\yemen_drug_database\images\75917dbc3945.jpg,200mgTramadol,mgtramadol,mgtramadol,False,excluded,False,
C:\Users\Eng-Azhar\OneDrive\Desktop\DL_IM_Project\yemen_drug_database\images\64686eb972c6.jpg,2016-03-05 sáb 182531 - Trimebutina Andrómaco,trimebutina andromaco,trimebutina andromaco,False,excluded,True,
C:\Users\Eng-Azhar\OneDrive\Desktop\DL_IM_Project\yemen_drug_database\images\f4fbf3ae3d72.jpg,2023 Tribiotic,tribiotic,tribiotic,False,excluded,True,
C:\Users\Eng-Azhar\OneDrive\Desktop\DL_IM_Project\yemen_drug_database\images\cf108003373e.jpg,610happu,happu,happu,False,excluded,True,
C:\Users\Eng-Azhar\OneDrive\Desktop\DL_IM_Project\yemen_drug_database\images\6bd9081e4532.jpg,ABDIFLY Aripiprazole 15mg,abdifly aripiprazole 15mg,abdifly aripiprazole 15mg,False,excluded,False,
C:\Users\Eng-Azhar\OneDrive\Desktop\DL_IM_Project\yemen_drug_database\images\4ac058616334.jpg,Accofil,accofil,accofil,False,excluded,False,
C:\Users\Eng-Azhar\OneDrive\Desktop\DL_IM_Project\yemen_drug_database\images\e0d9508bf18c.jpg,Acenocumarole,acenocumarole,acenocumarole,False,excluded,True,
C:\Users\Eng-Azhar\OneDrive\Desktop\DL_IM_Project\yemen_drug_database\images\4c2b06a05582.jpg,ActivatedCharcoal,activatedcharcoal,activatedcharcoal,False,excluded,False,
C:\Users\Eng-Azhar\OneDrive\Desktop\DL_IM_Project\yemen_drug_database\images\d22b970269f5.jpg,Adenosine (1),adenosine,adenosine,False,excluded,True,
C:\Users\Eng-Azhar\OneDrive\Desktop\DL_IM_Project\yemen_drug_database\images\57848c482929.jpg,Adrenalin,adrenalin,adrenalin,False,excluded,True,
C:\Users\Eng-Azhar\OneDrive\Desktop\DL_IM_Project\yemen_drug_database\images\4a14a587edd7.jpg,Advertisment for Calpol Wellcome L0034495,advertisment for calpol wellcome l0034495,advertisment for calpol wellcome l0034495,False,excluded,True,
C:\Users\Eng-Azhar\OneDrive\Desktop\DL_IM_Project\yemen_drug_database\images\1cc5680f192a.jpg,Afobazole,afobazole,afobazole,False,excluded,True,
C:\Users\Eng-Azhar\OneDrive\Desktop\DL_IM_Project\yemen_drug_database\images\febc5bbfa507.jpg,Aguja indolora Acofar,aguja indolora acofar,aguja indolora acofar,False,excluded,True,
C:\Users\Eng-Azhar\OneDrive\Desktop\DL_IM_Project\yemen_drug_database\images\e669dfbd00a7.jpg,"Alcover 17,5 - Gamma-Hydroxybutyric acid",alcover gamma-hydroxybutyric acid,alcover gamma hydroxybutyric acid,False,excluded,True,
C:\Users\Eng-Azhar\OneDrive\Desktop\DL_IM_Project\yemen_drug_database\images\c9d91195453b.jpg,Aldactone,aldactone,aldactone,False,excluded,True,
C:\Users\Eng-Azhar\OneDrive\Desktop\DL_IM_Project\yemen_drug_database\images\01a075e39bf6.jpg,Almacin,almacin,almacin,False,excluded,True,
C:\Users\Eng-Azhar\OneDrive\Desktop\DL_IM_Project\yemen_drug_database\images\dd6f9e000a73.jpg,Alphagan Korean,alphagan korean,alphagan korean,False,excluded,True,
C:\Users\Eng-Azhar\OneDrive\Desktop\DL_IM_Project\yemen_drug_database\images\b08c32daa910.jpg,Alte Sepso Präparate,alte sepso praparate,alte sepso praparate,False,excluded,True,
C:\Users\Eng-Azhar\OneDrive\Desktop\DL_IM_Project\yemen_drug_database\images\6743bf9179dc.jpg,Aminoleban EN powder mix,aminoleban en powder mix,aminoleban en powder mix,False,excluded,True,
C:\Users\Eng-Azhar\OneDrive\Desktop\DL_IM_Project\yemen_drug_database\images\60070b0bd8a2.jpg,Amiodarone UA,amiodarone ua,amiodarone ua,False,excluded,True,
C:\Users\Eng-Azhar\OneDrive\Desktop\DL_IM_Project\yemen_drug_database\images\35369c2c4aa7.jpg,Amitriptyline gouttes,amitriptyline gouttes,amitriptyline gouttes,False,excluded,True,
C:\Users\Eng-Azhar\OneDrive\Desktop\DL_IM_Project\yemen_drug_database\images\bfc72efa2b0b.jpg,"Ammonia inhalants, to revive patient from fainting of shock, to be used as smelling salts, front side",ammonia inhalants to revive patient from fainting of,ammonia inhalants to revive patient from fainting of,True,train,True,0
C:\Users\Eng-Azhar\OneDrive\Desktop\DL_IM_Project\yemen_drug_database\images\2c35ad7e0bf7.jpg,"Ammonia inhalants, to revive patient from fainting of shock, to be used as smelling salts",ammonia inhalants to revive patient from fainting of,ammonia inhalants to revive patient from fainting of,True,val,True,0
C:\Users\Eng-Azhar\OneDrive\Desktop\DL_IM_Project\yemen_drug_database\images\db4f0935e176.jpg,Amoxicilline Mylan 1g,amoxicilline mylan 1g,amoxicilline mylan 1g,False,excluded,True,
C:\Users\Eng-Azhar\OneDrive\Desktop\DL_IM_Project\yemen_drug_database\images\f5cad105a983.jpg,Amoxiclav Sandoz Mylan,amoxiclav sandoz mylan,amoxiclav sandoz mylan,False,excluded,True,
C:\Users\Eng-Azhar\OneDrive\Desktop\DL_IM_Project\yemen_drug_database\images\e36629a24a4c.jpg,"Anaesthesia; Ether can, c.1930 Wellcome L0018321",anaesthesia ether can c. wellcome l0018321,anaesthesia ether can c wellcome l0018321,False,excluded,True,
C:\Users\Eng-Azhar\OneDrive\Desktop\DL_IM_Project\yemen_drug_database\images\de1dce601a6b.jpg,Andmekaeve retseptiravimite väljastamise monitooringus (PDMP),andmekaeve retseptiravimite valjastamise monitooringus pdmp,andmekaeve retseptiravimite valjastamise monitooringus pdmp,False,excluded,True,
C:\Users\Eng-Azhar\OneDrive\Desktop\DL_IM_Project\yemen_drug_database\images\3a0f282a339e.jpg,Apaurin,apaurin,apaurin,False,excluded,True,
C:\Users\Eng-Azhar\OneDrive\Desktop\DL_IM_Project\yemen_drug_database\images\d5876ec14f66.jpg,Apo-amlo 5 mg tbl,apo-amlo mg tbl,apo amlo mg tbl,False,excluded,True,
C:\Users\Eng-Azhar\OneDrive\Desktop\DL_IM_Project\yemen_drug_database\images\25cd8c4450a4.jpg,Aprovel Sales In China,aprovel sales in china,aprovel sales in china,False,excluded,True,
C:\Users\Eng-Azhar\OneDrive\Desktop\DL_IM_Project\yemen_drug_database\images\3fb5eac98e69.jpg,Ardinex,ardinex,ardinex,False,excluded,True,
C:\Users\Eng-Azhar\OneDrive\Desktop\DL_IM_Project\yemen_drug_database\images\e2359f30a22b.jpg,Aribit (Aripiprazole) tablets,aribit aripiprazole tablets,aribit aripiprazole tablets,False,excluded,True,
C:\Users\Eng-Azhar\OneDrive\Desktop\DL_IM_Project\yemen_drug_database\images\0cea3775f7e8.jpg,Aristocort,aristocort,aristocort,False,excluded,True,
C:\Users\Eng-Azhar\OneDrive\Desktop\DL_IM_Project\yemen_drug_database\images\79631b73e955.jpg,Armoire à pharmacie,armoire pharmacie,armoire pharmacie,False,excluded,True,
C:\Users\Eng-Azhar\OneDrive\Desktop\DL_IM_Project\yemen_drug_database\images\29175e389e25.jpg,Armolipid Milan,armolipid milan,armolipid milan,False,excluded,True,
C:\Users\Eng-Azhar\OneDrive\Desktop\DL_IM_Project\yemen_drug_database\images\c809779eff00.jpg,Artificial tears brands,artificial tears brands,artificial tears brands,False,excluded,True,
C:\Users\Eng-Azhar\OneDrive\Desktop\DL_IM_Project\yemen_drug_database\images\e7545e8067d8.jpg,Astamocil,astamocil,astamocil,False,excluded,True,
C:\Users\Eng-Azhar\OneDrive\Desktop\DL_IM_Project\yemen_drug_database\images\82772b796e0f.jpg,Atarax,atarax,atarax,False,excluded,True,
C:\Users\Eng-Azhar\OneDrive\Desktop\DL_IM_Project\yemen_drug_database\images\b738825fe48c.jpg,Atenolol tablets (UK),atenolol tablets uk,atenolol tablets uk,False,excluded,True,
C:\Users\Eng-Azhar\OneDrive\Desktop\DL_IM_Project\yemen_drug_database\images\9d5379ef62d2.jpg,Avenoc,avenoc,avenoc,False,excluded,True,
C:\Users\Eng-Azhar\OneDrive\Desktop\DL_IM_Project\yemen_drug_database\images\1ecfb2e9e833.jpg,Axeoil,axeoil,axeoil,False,excluded,True,
C:\Users\Eng-Azhar\OneDrive\Desktop\DL_IM_Project\yemen_drug_database\images\64b32b19f0a3.jpg,Ayursun Churna & granules Division,ayursun churna granules division,ayursun churna granules division,False,excluded,True,
C:\Users\Eng-Azhar\OneDrive\Desktop\DL_IM_Project\yemen_drug_database\images\9512fb1715f3.jpg,Ayursun Granules division,ayursun granules division,ayursun granules division,False,excluded,True,
C:\Users\Eng-Azhar\OneDrive\Desktop\DL_IM_Project\yemen_drug_database\images\e0d3daac9ec2.jpg,Ayursun Manual Capsules Filing Machine in 1996,ayursun manual capsules filing machine in,ayursun manual capsules filing machine in,False,excluded,True,
C:\Users\Eng-Azhar\OneDrive\Desktop\DL_IM_Project\yemen_drug_database\images\f04fc903b040.jpg,Ayursun Packing Division,ayursun packing division,ayursun packing division,False,excluded,True,
C:\Users\Eng-Azhar\OneDrive\Desktop\DL_IM_Project\yemen_drug_database\images\b2cc70b481f1.jpg,Ayursun Pharma Blister machine division,ayursun pharma blister machine division,ayursun pharma blister machine division,False,excluded,True,
C:\Users\Eng-Azhar\OneDrive\Desktop\DL_IM_Project\yemen_drug_database\images\f31eaaf6a5fc.jpg,Ayursun Pharma Packing Division,ayursun pharma packing division,ayursun pharma packing division,False,excluded,True,
C:\Users\Eng-Azhar\OneDrive\Desktop\DL_IM_Project\yemen_drug_database\images\af3906f1431c.jpg,Azelaic acid cream,azelaic acid cream,azelaic acid cream,False,excluded,True,
C:\Users\Eng-Azhar\OneDrive\Desktop\DL_IM_Project\yemen_drug_database\images\aa77539d19b2.jpg,AZM (Acetazolamide),azm acetazolamide,azm acetazolamide,False,excluded,True,
C:\Users\Eng-Azhar\OneDrive\Desktop\DL_IM_Project\yemen_drug_database\images\d91d51a49108.jpg,Baclosan,baclosan,baclosan,False,excluded,True,
C:\Users\Eng-Azhar\OneDrive\Desktop\DL_IM_Project\yemen_drug_database\images\77b393dafa94.jpg,Bactroban,bactroban,bactroban,False,excluded,True,
C:\Users\Eng-Azhar\OneDrive\Desktop\DL_IM_Project\yemen_drug_database\images\f069f14398e3.jpg,Bactériophagique anti pseudomonas aeruginosa,bacteriophagique anti pseudomonas aeruginosa,bacteriophagique anti pseudomonas aeruginosa,False,excluded,True,
C:\Users\Eng-Azhar\OneDrive\Desktop\DL_IM_Project\yemen_drug_database\images\5ae3d8a53ac0.jpg,Bactériophagiques pyo & pseudomonas aeruginosa,bacteriophagiques pyo pseudomonas aeruginosa,bacteriophagiques pyo pseudomonas aeruginosa,False,excluded,True,
C:\Users\Eng-Azhar\OneDrive\Desktop\DL_IM_Project\yemen_drug_database\images\97992027fd21.jpg,Bactériophagiques russes staphylo & pyo,bacteriophagiques russes staphylo pyo,bacteriophagiques russes staphylo pyo,False,excluded,True,
C:\Users\Eng-Azhar\OneDrive\Desktop\DL_IM_Project\yemen_drug_database\images\6b56cc557971.jpg,Barrier cream,barrier cream,barrier cream,False,excluded,True,
C:\Users\Eng-Azhar\OneDrive\Desktop\DL_IM_Project\yemen_drug_database\images\8e07189bdb0c.jpg,BATHCLIN,bathclin,bathclin,False,excluded,True,
C:\Users\Eng-Azhar\OneDrive\Desktop\DL_IM_Project\yemen_drug_database\images\b091f6802123.jpg,"Batulechaur Health Post, Pokhara, Nepal (10676808455)",batulechaur health post pokhara nepal,batulechaur health post pokhara nepal,False,excluded,True,
C:\Users\Eng-Azhar\OneDrive\Desktop\DL_IM_Project\yemen_drug_database\images\76b9b4be6318.jpg,"Bedrocan, medicinale cannabis flos 5 gram 2",bedrocan medicinale cannabis flos gram,bedrocan medicinale cannabis flos gram,False,excluded,True,
C:\Users\Eng-Azhar\OneDrive\Desktop\DL_IM_Project\yemen_drug_database\images\80e7f50a6912.jpg,Benazepril (60565172),benazepril,benazepril,False,excluded,True,
C:\Users\Eng-Azhar\OneDrive\Desktop\DL_IM_Project\yemen_drug_database\images\2e910d16d969.jpg,Benepali 50 mg inj,benepali mg inj,benepali mg inj,False,excluded,True,
C:\Users\Eng-Azhar\OneDrive\Desktop\DL_IM_Project\yemen_drug_database\images\989ad7838df5.jpg,Benzedrex,benzedrex,benzedrex,False,excluded,True,
C:\Users\Eng-Azhar\OneDrive\Desktop\DL_IM_Project\yemen_drug_database\images\2fc8b14a4fc6.jpg,Bepanthen® — BAYER — Augen- und Nasensalbe (Dexpanthenol) mit Verpackung und Beipackzettel — Deutschland,bepanthen bayer augen- und nasensalbe dexpanthenol mit verpackung,bepanthen bayer augen und nasensalbe dexpanthenol mit verpackung,False,excluded,True,
C:\Users\Eng-Azhar\OneDrive\Desktop\DL_IM_Project\yemen_drug_database\images\af04ab7fa7ac.jpg,Beta I Uruguay Cannabis Inside Package,beta uruguay cannabis inside package,beta uruguay cannabis inside package,False,excluded,True,
C:\Users\Eng-Azhar\OneDrive\Desktop\DL_IM_Project\yemen_drug_database\images\ed20daa944b7.jpg,Beta I Uruguay Cannabis Outside Package,beta uruguay cannabis outside package,beta uruguay cannabis outside package,False,excluded,True,
C:\Users\Eng-Azhar\OneDrive\Desktop\DL_IM_Project\yemen_drug_database\images\07369d3cc0aa.jpg,Betadine,betadine,betadine,False,excluded,True,
C:\Users\Eng-Azhar\OneDrive\Desktop\DL_IM_Project\yemen_drug_database\images\45b26571ed50.jpg,Betaloc ZOK,betaloc zok,betaloc zok,False,excluded,True,
C:\Users\Eng-Azhar\OneDrive\Desktop\DL_IM_Project\yemen_drug_database\images\4e94e476daf9.png,Betaserc,betaserc,betaserc,False,excluded,True,
C:\Users\Eng-Azhar\OneDrive\Desktop\DL_IM_Project\yemen_drug_database\images\7058550a7ef3.png,Biological Immunomodulator,biological immunomodulator,biological immunomodulator,False,excluded,True,
C:\Users\Eng-Azhar\OneDrive\Desktop\DL_IM_Project\yemen_drug_database\images\1b5b0b163767.jpg,"Bisoprolol 2,5 mg",bisoprolol mg,bisoprolol mg,False,excluded,True,
C:\Users\Eng-Azhar\OneDrive\Desktop\DL_IM_Project\yemen_drug_database\images\4908795739af.jpg,Boite de Protelos,boite de protelos,boite de protelos,False,excluded,True,
C:\Users\Eng-Azhar\OneDrive\Desktop\DL_IM_Project\yemen_drug_database\images\dee73b26f0d1.jpg,Bortezomib sobhan oncology,bortezomib sobhan oncology,bortezomib sobhan oncology,False,excluded,False,
C:\Users\Eng-Azhar\OneDrive\Desktop\DL_IM_Project\yemen_drug_database\images\96273e3c43ea.jpg,"Bottle, chemist (AM 1999.77.5-1)",bottle chemist am -1,bottle chemist am 1,True,train,True,1
C:\Users\Eng-Azhar\OneDrive\Desktop\DL_IM_Project\yemen_drug_database\images\b8dbd4182403.jpg,"Bottle, chemist (AM 1999.77.5-2)",bottle chemist am -2,bottle chemist am 2,True,val,True,2
C:\Users\Eng-Azhar\OneDrive\Desktop\DL_IM_Project\yemen_drug_database\images\60eb70bfa8b9.jpg,"Bottle, chemist (AM 1999.77.5-3)",bottle chemist am -3,bottle chemist am 3,True,train,True,3
C:\Users\Eng-Azhar\OneDrive\Desktop\DL_IM_Project\yemen_drug_database\images\500bc31c13bb.jpg,"Bottle, chemist (AM 1999.77.7-1)",bottle chemist am -1,bottle chemist am 1,True,val,True,1
C:\Users\Eng-Azhar\OneDrive\Desktop\DL_IM_Project\yemen_drug_database\images\b8c085adf97f.jpg,"Bottle, chemist (AM 1999.77.7-2)",bottle chemist am -2,bottle chemist am 2,True,train,False,2
C:\Users\Eng-Azhar\OneDrive\Desktop\DL_IM_Project\yemen_drug_database\images\e54bc9999137.jpg,"Bottle, chemist (AM 1999.77.7-3)",bottle chemist am -3,bottle chemist am 3,True,val,True,3
C:\Users\Eng-Azhar\OneDrive\Desktop\DL_IM_Project\yemen_drug_database\images\1479f1edc393.jpg,"Bottle, chemists (AM 1999.77.1-1)",bottle chemists am -1,bottle chemists am 1,False,excluded,False,
C:\Users\Eng-Azhar\OneDrive\Desktop\DL_IM_Project\yemen_drug_database\images\30f743b5bf30.jpg,"Bottle, chemists (AM 1999.77.1-2)",bottle chemists am -2,bottle chemists am 2,False,excluded,False,
C:\Users\Eng-Azhar\OneDrive\Desktop\DL_IM_Project\yemen_drug_database\images\062eb2b80b91.jpg,"Bottle, chemists (AM 1999.77.1-5)",bottle chemists am -5,bottle chemists am 5,False,excluded,True,
C:\Users\Eng-Azhar\OneDrive\Desktop\DL_IM_Project\yemen_drug_database\images\7ea24101d86d.jpg,Box of Colchicine,box of colchicine,box of colchicine,False,excluded,True,
C:\Users\Eng-Azhar\OneDrive\Desktop\DL_IM_Project\yemen_drug_database\images\fbe66678eed2.jpg,"Boxes, pharmaceutical (AM 629232-11)",boxes pharmaceutical am 629232-11,boxes pharmaceutical am 629232 11,False,excluded,True,
C:\Users\Eng-Azhar\OneDrive\Desktop\DL_IM_Project\yemen_drug_database\images\a4e6dec70628.jpg,"Boxes, pharmaceutical (AM 629232-14)",boxes pharmaceutical am 629232-14,boxes pharmaceutical am 629232 14,False,excluded,True,
C:\Users\Eng-Azhar\OneDrive\Desktop\DL_IM_Project\yemen_drug_database\images\be74b2ce9963.jpg,"Boxes, pharmaceutical (AM 629232-15)",boxes pharmaceutical am 629232-15,boxes pharmaceutical am 629232 15,False,excluded,False,
C:\Users\Eng-Azhar\OneDrive\Desktop\DL_IM_Project\yemen_drug_database\images\7c402f11b2bf.jpg,"Boxes, pharmaceutical (AM 629232-2)",boxes pharmaceutical am 629232-2,boxes pharmaceutical am 629232 2,False,excluded,True,
C:\Users\Eng-Azhar\OneDrive\Desktop\DL_IM_Project\yemen_drug_database\images\1185ed6f3c93.jpg,"Boxes, pharmaceutical (AM 629232-20)",boxes pharmaceutical am 629232-20,boxes pharmaceutical am 629232 20,False,excluded,True,
C:\Users\Eng-Azhar\OneDrive\Desktop\DL_IM_Project\yemen_drug_database\images\b51234310c4f.jpg,"Boxes, pharmaceutical (AM 629232-21)",boxes pharmaceutical am 629232-21,boxes pharmaceutical am 629232 21,False,excluded,True,
C:\Users\Eng-Azhar\OneDrive\Desktop\DL_IM_Project\yemen_drug_database\images\d6355cbf8622.jpg,"Boxes, pharmaceutical (AM 629232-28)",boxes pharmaceutical am 629232-28,boxes pharmaceutical am 629232 28,False,excluded,True,
C:\Users\Eng-Azhar\OneDrive\Desktop\DL_IM_Project\yemen_drug_database\images\8ca4e01a6667.jpg,"Boxes, pharmaceutical (AM 629232-3)",boxes pharmaceutical am 629232-3,boxes pharmaceutical am 629232 3,False,excluded,True,
C:\Users\Eng-Azhar\OneDrive\Desktop\DL_IM_Project\yemen_drug_database\images\6eaa72d2359d.jpg,"Boxes, pharmaceutical (AM 629232-32)",boxes pharmaceutical am 629232-32,boxes pharmaceutical am 629232 32,False,excluded,True,
C:\Users\Eng-Azhar\OneDrive\Desktop\DL_IM_Project\yemen_drug_database\images\c973fa68db61.jpg,"Boxes, pharmaceutical (AM 629232-33)",boxes pharmaceutical am 629232-33,boxes pharmaceutical am 629232 33,False,excluded,True,
C:\Users\Eng-Azhar\OneDrive\Desktop\DL_IM_Project\yemen_drug_database\images\bf79e09aa4f4.jpg,"Boxes, pharmaceutical (AM 629232-38)",boxes pharmaceutical am 629232-38,boxes pharmaceutical am 629232 38,False,excluded,True,
C:\Users\Eng-Azhar\OneDrive\Desktop\DL_IM_Project\yemen_drug_database\images\4016831c5c00.jpg,"Boxes, pharmaceutical (AM 629232-4)",boxes pharmaceutical am 629232-4,boxes pharmaceutical am 629232 4,False,excluded,True,
C:\Users\Eng-Azhar\OneDrive\Desktop\DL_IM_Project\yemen_drug_database\images\20a5226d69b6.jpg,"Boxes, pharmaceutical (AM 629232-41)",boxes pharmaceutical am 629232-41,boxes pharmaceutical am 629232 41,False,excluded,True,
C:\Users\Eng-Azhar\OneDrive\Desktop\DL_IM_Project\yemen_drug_database\images\e6e08321c553.jpg,"Boxes, pharmaceutical (AM 629232-42)",boxes pharmaceutical am 629232-42,boxes pharmaceutical am 629232 42,False,excluded,True,
C:\Users\Eng-Azhar\OneDrive\Desktop\DL_IM_Project\yemen_drug_database\images\7bc3f4ef890c.jpg,"Boxes, pharmaceutical (AM 629232-5)",boxes pharmaceutical am 629232-5,boxes pharmaceutical am 629232 5,False,excluded,True,
C:\Users\Eng-Azhar\OneDrive\Desktop\DL_IM_Project\yemen_drug_database\images\89926ece00ac.jpg,"Boxes, pharmaceutical (AM 629232-6)",boxes pharmaceutical am 629232-6,boxes pharmaceutical am 629232 6,False,excluded,True,
C:\Users\Eng-Azhar\OneDrive\Desktop\DL_IM_Project\yemen_drug_database\images\b636783ea7bc.jpg,Boîte de 30 comprimés sécables de Solian 100mg (amisulpride),boite de comprimes secables de solian 100mg amisulpride,boite de comprimes secables de solian 100mg amisulpride,False,excluded,True,
C:\Users\Eng-Azhar\OneDrive\Desktop\DL_IM_Project\yemen_drug_database\images\d4145dea2cd3.jpg,Boîte de Dogmatil 50 mg,boite de dogmatil mg,boite de dogmatil mg,False,excluded,True,
C:\Users\Eng-Azhar\OneDrive\Desktop\DL_IM_Project\yemen_drug_database\images\5698c50094fc.jpg,Brilliant green 1a,brilliant green 1a,brilliant green 1a,False,excluded,True,
C:\Users\Eng-Azhar\OneDrive\Desktop\DL_IM_Project\yemen_drug_database\images\7941dffc54dd.jpg,Buprenorphine naloxone Tablets Bottle,buprenorphine naloxone tablets bottle,buprenorphine naloxone tablets bottle,False,excluded,True,
C:\Users\Eng-Azhar\OneDrive\Desktop\DL_IM_Project\yemen_drug_database\images\2a62df154f08.jpg,"Cachets Mijnhardt, Mijnhardtjes, tegen griep en pijn, pic2",cachets mijnhardt mijnhardtjes tegen griep en pijn pic2,cachets mijnhardt mijnhardtjes tegen griep en pijn pic2,False,excluded,True,
C:\Users\Eng-Azhar\OneDrive\Desktop\DL_IM_Project\yemen_drug_database\images\eeb0aaae15ae.jpg,Caffetin Alkaloid,caffetin alkaloid,caffetin alkaloid,False,excluded,True,
C:\Users\Eng-Azhar\OneDrive\Desktop\DL_IM_Project\yemen_drug_database\images\626181ebe2c4.jpg,"Calcium gluconicum, Farmapol Poznan, 1984",calcium gluconicum farmapol poznan,calcium gluconicum farmapol poznan,False,excluded,True,
C:\Users\Eng-Azhar\OneDrive\Desktop\DL_IM_Project\yemen_drug_database\images\fb55dea3a350.jpg,"Calcocylin, German medication for headache, flu, toothache and musscle ache, 1940s",calcocylin german medication for headache flu toothache and,calcocylin german medication for headache flu toothache and,False,excluded,True,
C:\Users\Eng-Azhar\OneDrive\Desktop\DL_IM_Project\yemen_drug_database\images\a5ae416032da.jpg,Canesten,canesten,canesten,False,excluded,True,
C:\Users\Eng-Azhar\OneDrive\Desktop\DL_IM_Project\yemen_drug_database\images\3237a2d0b198.jpg,Carbo sal,carbo sal,carbo sal,False,excluded,True,
C:\Users\Eng-Azhar\OneDrive\Desktop\DL_IM_Project\yemen_drug_database\images\7b41f57d25bb.jpg,Cardiac Epinephrine (cropped),cardiac epinephrine cropped,cardiac epinephrine cropped,False,excluded,True,
C:\Users\Eng-Azhar\OneDrive\Desktop\DL_IM_Project\yemen_drug_database\images\5e6c3b411e90.jpg,Carisoprodol packaging,carisoprodol packaging,carisoprodol packaging,False,excluded,False,
C:\Users\Eng-Azhar\OneDrive\Desktop\DL_IM_Project\yemen_drug_database\images\20b92d4e5f66.jpg,Castor oil 1825,castor oil,castor oil,False,excluded,True,
C:\Users\Eng-Azhar\OneDrive\Desktop\DL_IM_Project\yemen_drug_database\images\d65c6942d167.jpg,Cerebrolysin,cerebrolysin,cerebrolysin,False,excluded,True,
C:\Users\Eng-Azhar\OneDrive\Desktop\DL_IM_Project\yemen_drug_database\images\fec12e2a9064.jpg,Ciklopirox,ciklopirox,ciklopirox,False,excluded,True,
C:\Users\Eng-Azhar\OneDrive\Desktop\DL_IM_Project\yemen_drug_database\images\5d93bb7c2c61.jpg,Ciproxine 500,ciproxine,ciproxine,False,excluded,True,
C:\Users\Eng-Azhar\OneDrive\Desktop\DL_IM_Project\yemen_drug_database\images\5c544a220d65.jpg,Claustrogex,claustrogex,claustrogex,False,excluded,True,
C:\Users\Eng-Azhar\OneDrive\Desktop\DL_IM_Project\yemen_drug_database\images\70019e6f2257.jpg,Cleviprex 50ml 100ml vial,cleviprex 50ml 100ml vial,cleviprex 50ml 100ml vial,False,excluded,True,
C:\Users\Eng-Azhar\OneDrive\Desktop\DL_IM_Project\yemen_drug_database\images\d8b28784bb58.jpg,CLORAXENE Clorazepate 10mg,cloraxene clorazepate 10mg,cloraxene clorazepate 10mg,False,excluded,True,
C:\Users\Eng-Azhar\OneDrive\Desktop\DL_IM_Project\yemen_drug_database\images\69aa0dcc073c.jpg,Clotrimazol óvulos 500,clotrimazol ovulos,clotrimazol ovulos,False,excluded,True,
C:\Users\Eng-Azhar\OneDrive\Desktop\DL_IM_Project\yemen_drug_database\images\57215e5335bf.jpg,Cocillana,cocillana,cocillana,False,excluded,True,
C:\Users\Eng-Azhar\OneDrive\Desktop\DL_IM_Project\yemen_drug_database\images\3d76dfea0ae2.jpg,COCP Regulon (box) 01,cocp regulon box,cocp regulon box,True,train,True,4
C:\Users\Eng-Azhar\OneDrive\Desktop\DL_IM_Project\yemen_drug_database\images\7c8644035d27.jpg,COCP Regulon (box) 02,cocp regulon box,cocp regulon box,True,val,True,4
C:\Users\Eng-Azhar\OneDrive\Desktop\DL_IM_Project\yemen_drug_database\images\3e3a0f59e124.jpg,Codeinum phosphoricum forte Compren Desma,codeinum phosphoricum forte compren desma,codeinum phosphoricum forte compren desma,False,excluded,True,
C:\Users\Eng-Azhar\OneDrive\Desktop\DL_IM_Project\yemen_drug_database\images\22dc2f3a965b.jpg,CODITAM,coditam,coditam,False,excluded,True,
C:\Users\Eng-Azhar\OneDrive\Desktop\DL_IM_Project\yemen_drug_database\images\bc26fd83bc18.jpg,Collage etichette farmaci anni 50,collage etichette farmaci anni,collage etichette farmaci anni,False,excluded,True,
C:\Users\Eng-Azhar\OneDrive\Desktop\DL_IM_Project\yemen_drug_database\images\318e15ee775c.jpg,Concor Sales In China,concor sales in china,concor sales in china,False,excluded,True,
C:\Users\Eng-Azhar\OneDrive\Desktop\DL_IM_Project\yemen_drug_database\images\0ebcce253e95.jpg,Convulex - 300mg,convulex 300mg,convulex 300mg,False,excluded,True,
C:\Users\Eng-Azhar\OneDrive\Desktop\DL_IM_Project\yemen_drug_database\images\02d52a204d4b.jpg,Copaxone,copaxone,copaxone,False,excluded,True,
C:\Users\Eng-Azhar\OneDrive\Desktop\DL_IM_Project\yemen_drug_database\images\cb4caa1a30f8.jpg,Corinfar TEVA,corinfar teva,corinfar teva,False,excluded,True,
C:\Users\Eng-Azhar\OneDrive\Desktop\DL_IM_Project\yemen_drug_database\images\9689f4742c23.jpg,Coronavac (Brazilian version) 2021 P,coronavac brazilian version,coronavac brazilian version,False,excluded,True,
C:\Users\Eng-Azhar\OneDrive\Desktop\DL_IM_Project\yemen_drug_database\images\32e9ef4dade3.jpg,Cortizone 10 with Aloe1,cortizone with aloe1,cortizone with aloe1,False,excluded,True,
C:\Users\Eng-Azhar\OneDrive\Desktop\DL_IM_Project\yemen_drug_database\images\e9e0b38ca36f.jpg,Cosopt Korean,cosopt korean,cosopt korean,False,excluded,True,
C:\Users\Eng-Azhar\OneDrive\Desktop\DL_IM_Project\yemen_drug_database\images\83fbce8a6e0c.jpg,Cough medicine002,cough medicine002,cough medicine002,False,excluded,True,
C:\Users\Eng-Azhar\OneDrive\Desktop\DL_IM_Project\yemen_drug_database\images\c57d5a7fd4fd.jpg,Curam 625mg,curam 625mg,curam 625mg,False,excluded,True,
C:\Users\Eng-Azhar\OneDrive\Desktop\DL_IM_Project\yemen_drug_database\images\59432b8b4834.jpg,Daivobet,daivobet,daivobet,False,excluded,True,
C:\Users\Eng-Azhar\OneDrive\Desktop\DL_IM_Project\yemen_drug_database\images\b6594f6cd284.jpg,Debacterol and Oralmedic swabs and packaging,debacterol and oralmedic swabs and packaging,debacterol and oralmedic swabs and packaging,False,excluded,True,
C:\Users\Eng-Azhar\OneDrive\Desktop\DL_IM_Project\yemen_drug_database\images\0f8ef4ed3708.jpg,Debacterol single use swab 1,debacterol single use swab,debacterol single use swab,True,train,True,5
C:\Users\Eng-Azhar\OneDrive\Desktop\DL_IM_Project\yemen_drug_database\images\81a06ab3c76c.jpg,Debacterol single use swab 2,debacterol single use swab,debacterol single use swab,True,val,True,5
C:\Users\Eng-Azhar\OneDrive\Desktop\DL_IM_Project\yemen_drug_database\images\d2ac16c6f855.jpg,Deep-drawn MDI can by H&T Presspart,deep-drawn mdi can by presspart,deep drawn mdi can by presspart,False,excluded,True,
C:\Users\Eng-Azhar\OneDrive\Desktop\DL_IM_Project\yemen_drug_database\images\0a767f6bf905.jpg,"Depo-Medrol (Methylprednisolone Acetate injectable suspension, USP)",depo-medrol methylprednisolone acetate injectable suspension usp,depo medrol methylprednisolone acetate injectable suspension usp,False,excluded,True,
C:\Users\Eng-Azhar\OneDrive\Desktop\DL_IM_Project\yemen_drug_database\images\2e3e7977b54d.jpg,"DepoMedrol2 (Methylprednisolone Acetate injectable suspension, USP)",depomedrol2 methylprednisolone acetate injectable suspension usp,depomedrol2 methylprednisolone acetate injectable suspension usp,False,excluded,False,
C:\Users\Eng-Azhar\OneDrive\Desktop\DL_IM_Project\yemen_drug_database\images\4972082e09f6.jpg,Deutsche Pharmazentralnummer,deutsche pharmazentralnummer,deutsche pharmazentralnummer,False,excluded,True,
C:\Users\Eng-Azhar\OneDrive\Desktop\DL_IM_Project\yemen_drug_database\images\588e24c59b1e.jpg,Dexamfetamine Sulphate,dexamfetamine sulphate,dexamfetamine sulphate,False,excluded,True,
C:\Users\Eng-Azhar\OneDrive\Desktop\DL_IM_Project\yemen_drug_database\images\e81cd40580ee.jpg,Dextrose 50% (1),dextrose,dextrose,False,excluded,True,
C:\Users\Eng-Azhar\OneDrive\Desktop\DL_IM_Project\yemen_drug_database\images\1695f2db4cc7.jpg,Diclofenac Topical Gel,diclofenac topical gel,diclofenac topical gel,False,excluded,True,
C:\Users\Eng-Azhar\OneDrive\Desktop\DL_IM_Project\yemen_drug_database\images\ccb80493fe92.jpg,Diflorasone diacetate (Diflal),diflorasone diacetate diflal,diflorasone diacetate diflal,False,excluded,True,
C:\Users\Eng-Azhar\OneDrive\Desktop\DL_IM_Project\yemen_drug_database\images\c46c661ab8fe.jpg,Digibind,digibind,digibind,False,excluded,True,
C:\Users\Eng-Azhar\OneDrive\Desktop\DL_IM_Project\yemen_drug_database\images\b9c682324cfb.jpg,Dihydrcodeine Tablets Package Almus 30 mg 2017,dihydrcodeine tablets package almus mg,dihydrcodeine tablets package almus mg,False,excluded,True,
C:\Users\Eng-Azhar\OneDrive\Desktop\DL_IM_Project\yemen_drug_database\images\8bfa48c4faba.jpg,Diklak,diklak,diklak,False,excluded,True,
C:\Users\Eng-Azhar\OneDrive\Desktop\DL_IM_Project\yemen_drug_database\images\135c59e014dd.jpg,Dimedrol solution,dimedrol solution,dimedrol solution,False,excluded,True,
C:\Users\Eng-Azhar\OneDrive\Desktop\DL_IM_Project\yemen_drug_database\images\71cb628610b9.jpg,Dimenhydrinate,dimenhydrinate,dimenhydrinate,False,excluded,True,
C:\Users\Eng-Azhar\OneDrive\Desktop\DL_IM_Project\yemen_drug_database\images\ff2d6fba044f.jpg,Diprosalic ointment tube,diprosalic ointment tube,diprosalic ointment tube,False,excluded,True,
C:\Users\Eng-Azhar\OneDrive\Desktop\DL_IM_Project\yemen_drug_database\images\77240b2d41f8.jpg,Dithiaden,dithiaden,dithiaden,False,excluded,True,
C:\Users\Eng-Azhar\OneDrive\Desktop\DL_IM_Project\yemen_drug_database\images\bac341885f92.jpg,Doksiciklin 100 091208,doksiciklin,doksiciklin,False,excluded,True,
C:\Users\Eng-Azhar\OneDrive\Desktop\DL_IM_Project\yemen_drug_database\images\71a0df4d8c53.jpg,Dolan,dolan,dolan,False,excluded,True,
C:\Users\Eng-Azhar\OneDrive\Desktop\DL_IM_Project\yemen_drug_database\images\cbe682446293.jpg,Dolmina,dolmina,dolmina,False,excluded,True,
C:\Users\Eng-Azhar\OneDrive\Desktop\DL_IM_Project\yemen_drug_database\images\b21278e58799.jpg,Doping warning,doping warning,doping warning,False,excluded,True,
C:\Users\Eng-Azhar\OneDrive\Desktop\DL_IM_Project\yemen_drug_database\images\6b8674929faa.jpg,Doxapram,doxapram,doxapram,False,excluded,True,
C:\Users\Eng-Azhar\OneDrive\Desktop\DL_IM_Project\yemen_drug_database\images\fce6bac18ac5.jpg,Doxycycline,doxycycline,doxycycline,False,excluded,True,
C:\Users\Eng-Azhar\OneDrive\Desktop\DL_IM_Project\yemen_drug_database\images\a341a23ca4d1.jpg,Dristan Inhaler,dristan inhaler,dristan inhaler,False,excluded,False,
C:\Users\Eng-Azhar\OneDrive\Desktop\DL_IM_Project\yemen_drug_database\images\f5dfec1ed5be.jpg,Drug label HA-page0001,drug label ha-page0001,drug label ha page0001,False,excluded,False,
C:\Users\Eng-Azhar\OneDrive\Desktop\DL_IM_Project\yemen_drug_database\images\f1c1a04100f9.jpg,DRUG LABEL-page-002,drug label-page-002,drug label page 002,False,excluded,False,
C:\Users\Eng-Azhar\OneDrive\Desktop\DL_IM_Project\yemen_drug_database\images\ce16de8d90a3.jpg,Drug vial (8398232965),drug vial,drug vial,False,excluded,True,
C:\Users\Eng-Azhar\OneDrive\Desktop\DL_IM_Project\yemen_drug_database\images\ffdf522904f6.jpg,Drug vials (8398232701),drug vials,drug vials,True,train,True,6
C:\Users\Eng-Azhar\OneDrive\Desktop\DL_IM_Project\yemen_drug_database\images\62dfddab111f.jpg,Drug vials (8398232857),drug vials,drug vials,True,val,True,6
C:\Users\Eng-Azhar\OneDrive\Desktop\DL_IM_Project\yemen_drug_database\images\f6c3909a8490.jpg,Drugs 1601,drugs,drugs,False,excluded,True,
C:\Users\Eng-Azhar\OneDrive\Desktop\DL_IM_Project\yemen_drug_database\images\39fd31611d7b.jpg,Dukoral package bicarb buffer,dukoral package bicarb buffer,dukoral package bicarb buffer,False,excluded,True,
C:\Users\Eng-Azhar\OneDrive\Desktop\DL_IM_Project\yemen_drug_database\images\73e66dff4007.jpg,Dukoral package inside,dukoral package inside,dukoral package inside,False,excluded,True,
C:\Users\Eng-Azhar\OneDrive\Desktop\DL_IM_Project\yemen_drug_database\images\507e6276844d.jpg,Dukoral package vaccine vial,dukoral package vaccine vial,dukoral package vaccine vial,False,excluded,True,
C:\Users\Eng-Azhar\OneDrive\Desktop\DL_IM_Project\yemen_drug_database\images\57611e8838bc.jpg,Dukoral package,dukoral package,dukoral package,False,excluded,True,
C:\Users\Eng-Azhar\OneDrive\Desktop\DL_IM_Project\yemen_drug_database\images\646ab8bee030.jpg,Dukoral vial bicarb,dukoral vial bicarb,dukoral vial bicarb,False,excluded,True,
C:\Users\Eng-Azhar\OneDrive\Desktop\DL_IM_Project\yemen_drug_database\images\6d06d33d6d16.jpg,"Duodart 0,5-0,4 mg cps",duodart 5-0 mg cps,duodart 5 0 mg cps,False,excluded,True,
C:\Users\Eng-Azhar\OneDrive\Desktop\DL_IM_Project\yemen_drug_database\images\23715f41a93e.jpg,Duphalac 200 ml,duphalac ml,duphalac ml,False,excluded,True,
C:\Users\Eng-Azhar\OneDrive\Desktop\DL_IM_Project\yemen_drug_database\images\897ebf3a3a4c.jpg,Dupixent Pen and Packaging,dupixent pen and packaging,dupixent pen and packaging,False,excluded,True,
C:\Users\Eng-Azhar\OneDrive\Desktop\DL_IM_Project\yemen_drug_database\images\3ab19656c43b.jpg,Ebglyss,ebglyss,ebglyss,False,excluded,True,
C:\Users\Eng-Azhar\OneDrive\Desktop\DL_IM_Project\yemen_drug_database\images\977569e898c5.jpg,Ebivol,ebivol,ebivol,False,excluded,True,
C:\Users\Eng-Azhar\OneDrive\Desktop\DL_IM_Project\yemen_drug_database\images\5caf62842012.jpg,Ebrantil 60 mg cps,ebrantil mg cps,ebrantil mg cps,False,excluded,True,
C:\Users\Eng-Azhar\OneDrive\Desktop\DL_IM_Project\yemen_drug_database\images\ba2be93c591d.jpg,Eliava Institut Prep,eliava institut prep,eliava institut prep,False,excluded,True,
C:\Users\Eng-Azhar\OneDrive\Desktop\DL_IM_Project\yemen_drug_database\images\aef2610c9504.jpg,Embalagens de medicamentos,embalagens de medicamentos,embalagens de medicamentos,False,excluded,True,
C:\Users\Eng-Azhar\OneDrive\Desktop\DL_IM_Project\yemen_drug_database\images\decd20a36f67.jpg,Embalaje monodosis de medicamentos,embalaje monodosis de medicamentos,embalaje monodosis de medicamentos,False,excluded,True,
C:\Users\Eng-Azhar\OneDrive\Desktop\DL_IM_Project\yemen_drug_database\images\01da8186a4c4.jpg,Emetrol For Nausea (4225474315),emetrol for nausea,emetrol for nausea,False,excluded,True,
C:\Users\Eng-Azhar\OneDrive\Desktop\DL_IM_Project\yemen_drug_database\images\491e5afe8f82.jpg,Emgality,emgality,emgality,False,excluded,True,
C:\Users\Eng-Azhar\OneDrive\Desktop\DL_IM_Project\yemen_drug_database\images\1e51d3260c64.jpg,Enterodez,enterodez,enterodez,False,excluded,True,
C:\Users\Eng-Azhar\OneDrive\Desktop\DL_IM_Project\yemen_drug_database\images\d2fea1439dd5.jpg,Epivir RU,epivir ru,epivir ru,False,excluded,True,
C:\Users\Eng-Azhar\OneDrive\Desktop\DL_IM_Project\yemen_drug_database\images\0e1f38bd1dfc.jpg,Ezicas F,ezicas,ezicas,True,train,True,7
C:\Users\Eng-Azhar\OneDrive\Desktop\DL_IM_Project\yemen_drug_database\images\1d0d53c69d8e.jpg,Ezicas,ezicas,ezicas,True,val,True,7
C:\Users\Eng-Azhar\OneDrive\Desktop\DL_IM_Project\yemen_drug_database\images\ad9e50bfb5ad.jpg,Eziwin,eziwin,eziwin,False,excluded,True,
C:\Users\Eng-Azhar\OneDrive\Desktop\DL_IM_Project\yemen_drug_database\images\97064ff2baea.jpg,Famotidine 20mg generic,famotidine 20mg generic,famotidine 20mg generic,False,excluded,True,
C:\Users\Eng-Azhar\OneDrive\Desktop\DL_IM_Project\yemen_drug_database\images\c7b0316f4738.jpg,Farmaco senza obbligo di ricetta (Italia),farmaco senza obbligo di ricetta italia,farmaco senza obbligo di ricetta italia,False,excluded,False,
C:\Users\Eng-Azhar\OneDrive\Desktop\DL_IM_Project\yemen_drug_database\images\67eb57a5cbe1.jpg,Fentanyl Patch from Israel,fentanyl patch from israel,fentanyl patch from israel,False,excluded,True,
C:\Users\Eng-Azhar\OneDrive\Desktop\DL_IM_Project\yemen_drug_database\images\bb0522ef2f8f.jpg,Fentanyl patch packages,fentanyl patch packages,fentanyl patch packages,False,excluded,True,
C:\Users\Eng-Azhar\OneDrive\Desktop\DL_IM_Project\yemen_drug_database\images\0d007a5301dc.jpg,Ferezol,ferezol,ferezol,False,excluded,True,
C:\Users\Eng-Azhar\OneDrive\Desktop\DL_IM_Project\yemen_drug_database\images\c1012e999e28.jpg,Fertigarzneimittel DE,fertigarzneimittel de,fertigarzneimittel de,False,excluded,True,
C:\Users\Eng-Azhar\OneDrive\Desktop\DL_IM_Project\yemen_drug_database\images\4b5534e94f56.jpg,Finasterid Orion,finasterid orion,finasterid orion,False,excluded,True,
C:\Users\Eng-Azhar\OneDrive\Desktop\DL_IM_Project\yemen_drug_database\images\9139e2bf0d0d.jpg,FLAXYNE LP 75 mg (Arabic side),flaxyne lp mg arabic side,flaxyne lp mg arabic side,False,excluded,False,
C:\Users\Eng-Azhar\OneDrive\Desktop\DL_IM_Project\yemen_drug_database\images\6a4cdc641697.jpg,FLAXYNE LP 75 mg,flaxyne lp mg,flaxyne lp mg,False,excluded,False,
C:\Users\Eng-Azhar\OneDrive\Desktop\DL_IM_Project\yemen_drug_database\images\faacca674053.jpg,Flessen Medicijnen,flessen medicijnen,flessen medicijnen,False,excluded,True,
C:\Users\Eng-Azhar\OneDrive\Desktop\DL_IM_Project\yemen_drug_database\images\14ca32d001dd.jpg,Flessen Potjes Medicijnen,flessen potjes medicijnen,flessen potjes medicijnen,False,excluded,True,
C:\Users\Eng-Azhar\OneDrive\Desktop\DL_IM_Project\yemen_drug_database\images\19a158587767.jpg,Flessen,flessen,flessen,False,excluded,True,
C:\Users\Eng-Azhar\OneDrive\Desktop\DL_IM_Project\yemen_drug_database\images\252d56508bd1.jpg,Flucloxacillin package,flucloxacillin package,flucloxacillin package,False,excluded,True,
C:\Users\Eng-Azhar\OneDrive\Desktop\DL_IM_Project\yemen_drug_database\images\d489c0ec700c.jpg,Flucloxacillin preparations,flucloxacillin preparations,flucloxacillin preparations,False,excluded,True,
C:\Users\Eng-Azhar\OneDrive\Desktop\DL_IM_Project\yemen_drug_database\images\fc987b70ab15.jpg,FLUIMUCIL Zambon,fluimucil zambon,fluimucil zambon,False,excluded,True,
C:\Users\Eng-Azhar\OneDrive\Desktop\DL_IM_Project\yemen_drug_database\images\4ceb0da13bf0.jpg,Fluothane packaging 01,fluothane packaging,fluothane packaging,False,excluded,True,
C:\Users\Eng-Azhar\OneDrive\Desktop\DL_IM_Project\yemen_drug_database\images\4d2e2dc4df1f.jpg,Fluoxetine Lannacher 20 mg,fluoxetine lannacher mg,fluoxetine lannacher mg,False,excluded,True,
C:\Users\Eng-Azhar\OneDrive\Desktop\DL_IM_Project\yemen_drug_database\images\4b92a9a058f3.jpg,Fluticasone cream,fluticasone cream,fluticasone cream,False,excluded,True,
C:\Users\Eng-Azhar\OneDrive\Desktop\DL_IM_Project\yemen_drug_database\images\d076afa01dc8.jpg,Forlax 4g Macrogol 4000-ar,forlax 4g macrogol 4000-ar,forlax 4g macrogol 4000 ar,False,excluded,True,
C:\Users\Eng-Azhar\OneDrive\Desktop\DL_IM_Project\yemen_drug_database\images\e355d4875239.jpg,Forxiga dapagliflozin,forxiga dapagliflozin,forxiga dapagliflozin,False,excluded,True,
C:\Users\Eng-Azhar\OneDrive\Desktop\DL_IM_Project\yemen_drug_database\images\8581341f7689.jpg,"Fraxiparine 0,4 ml inj",fraxiparine ml inj,fraxiparine ml inj,False,excluded,True,
C:\Users\Eng-Azhar\OneDrive\Desktop\DL_IM_Project\yemen_drug_database\images\4e94ddfffaf2.jpg,"Fraxiparine 0,6 ml injection",fraxiparine ml injection,fraxiparine ml injection,False,excluded,True,
C:\Users\Eng-Azhar\OneDrive\Desktop\DL_IM_Project\yemen_drug_database\images\7ee5157c1745.jpg,"Fraxiparine Forte 0,6 ml inj",fraxiparine forte ml inj,fraxiparine forte ml inj,False,excluded,True,
C:\Users\Eng-Azhar\OneDrive\Desktop\DL_IM_Project\yemen_drug_database\images\6fc0f369b273.jpg,"Fucicort (betamethasone, fusidic acid), Russian market 05",fucicort betamethasone fusidic acid russian market,fucicort betamethasone fusidic acid russian market,True,val,True,8
C:\Users\Eng-Azhar\OneDrive\Desktop\DL_IM_Project\yemen_drug_database\images\a15d43b59231.jpg,"Fucicort (betamethasone, fusidic acid), Russian market 07",fucicort betamethasone fusidic acid russian market,fucicort betamethasone fusidic acid russian market,True,train,True,8
C:\Users\Eng-Azhar\OneDrive\Desktop\DL_IM_Project\yemen_drug_database\images\ad55c6d2a212.jpg,Fucicort 20 g crm,fucicort crm,fucicort crm,False,excluded,True,
C:\Users\Eng-Azhar\OneDrive\Desktop\DL_IM_Project\yemen_drug_database\images\f2b14a8fd92a.jpg,Fucidin irlandes distr andromaco,fucidin irlandes distr andromaco,fucidin irlandes distr andromaco,False,excluded,True,
C:\Users\Eng-Azhar\OneDrive\Desktop\DL_IM_Project\yemen_drug_database\images\7d603ef18902.jpg,Gemsiban,gemsiban,gemsiban,False,excluded,True,
C:\Users\Eng-Azhar\OneDrive\Desktop\DL_IM_Project\yemen_drug_database\images\2bcd9a774ee3.jpg,German packet of Cialis,german packet of cialis,german packet of cialis,False,excluded,True,
C:\Users\Eng-Azhar\OneDrive\Desktop\DL_IM_Project\yemen_drug_database\images\e60429739984.jpg,Giona Easyhaler 200 ug inh,giona easyhaler ug inh,giona easyhaler ug inh,False,excluded,True,
C:\Users\Eng-Azhar\OneDrive\Desktop\DL_IM_Project\yemen_drug_database\images\010068b70907.jpg,Globuloarnica,globuloarnica,globuloarnica,False,excluded,True,
C:\Users\Eng-Azhar\OneDrive\Desktop\DL_IM_Project\yemen_drug_database\images\90a33fe6c798.jpg,GTN spray,gtn spray,gtn spray,False,excluded,True,
C:\Users\Eng-Azhar\OneDrive\Desktop\DL_IM_Project\yemen_drug_database\images\f6de32c68910.jpg,Gynatren March 2020,gynatren march,gynatren march,False,excluded,True,
C:\Users\Eng-Azhar\OneDrive\Desktop\DL_IM_Project\yemen_drug_database\images\ebf6606582a2.jpg,Halometasone cream,halometasone cream,halometasone cream,False,excluded,True,
C:\Users\Eng-Azhar\OneDrive\Desktop\DL_IM_Project\yemen_drug_database\images\7c05960281c1.jpg,Hexamethylenetetramine Bayer,hexamethylenetetramine bayer,hexamethylenetetramine bayer,False,excluded,True,
C:\Users\Eng-Azhar\OneDrive\Desktop\DL_IM_Project\yemen_drug_database\images\25b857ae5eac.jpg,Hidrasec 30 mg gra,hidrasec mg gra,hidrasec mg gra,False,excluded,True,
C:\Users\Eng-Azhar\OneDrive\Desktop\DL_IM_Project\yemen_drug_database\images\dec2b7770898.jpg,Hydrocodone liquid,hydrocodone liquid,hydrocodone liquid,False,excluded,True,
C:\Users\Eng-Azhar\OneDrive\Desktop\DL_IM_Project\yemen_drug_database\images\423538892345.jpg,Hypokalemic Periodic Paralysis Medicines in Pakistan,hypokalemic periodic paralysis medicines in pakistan,hypokalemic periodic paralysis medicines in pakistan,False,excluded,True,
C:\Users\Eng-Azhar\OneDrive\Desktop\DL_IM_Project\yemen_drug_database\images\1e67cbc7137f.jpg,Ibrutinib,ibrutinib,ibrutinib,False,excluded,True,
C:\Users\Eng-Azhar\OneDrive\Desktop\DL_IM_Project\yemen_drug_database\images\cc8b020d78b7.jpg,Ibuprofen,ibuprofen,ibuprofen,False,excluded,True,
C:\Users\Eng-Azhar\OneDrive\Desktop\DL_IM_Project\yemen_drug_database\images\f99e3503e9c5.jpg,Ilomedine,ilomedine,ilomedine,False,excluded,True,
C:\Users\Eng-Azhar\OneDrive\Desktop\DL_IM_Project\yemen_drug_database\images\67f7fd75f51b.jpg,Image pharmex phages,pharmex phages,pharmex phages,False,excluded,True,
C:\Users\Eng-Azhar\OneDrive\Desktop\DL_IM_Project\yemen_drug_database\images\c2ec9b89f2a1.jpg,ImageTavaborole,imagetavaborole,imagetavaborole,False,excluded,False,
C:\Users\Eng-Azhar\OneDrive\Desktop\DL_IM_Project\yemen_drug_database\images\e01c179b917a.jpg,IMG 0356 post,post,post,False,excluded,True,
C:\Users\Eng-Azhar\OneDrive\Desktop\DL_IM_Project\yemen_drug_database\images\ae49bb748cde.jpg,Immunoglobulin 017,immunoglobulin,immunoglobulin,True,train,True,9
C:\Users\Eng-Azhar\OneDrive\Desktop\DL_IM_Project\yemen_drug_database\images\03f183775487.jpg,Immunoglobulin 018,immunoglobulin,immunoglobulin,True,val,True,9
C:\Users\Eng-Azhar\OneDrive\Desktop\DL_IM_Project\yemen_drug_database\images\d23ab72b0dca.jpg,Immunoglobulin 019,immunoglobulin,immunoglobulin,True,train,True,9
C:\Users\Eng-Azhar\OneDrive\Desktop\DL_IM_Project\yemen_drug_database\images\09de3660cb03.png,Imunotop H Pack copy 1 (1),imunotop pack copy,imunotop pack copy,False,excluded,True,
C:\Users\Eng-Azhar\OneDrive\Desktop\DL_IM_Project\yemen_drug_database\images\42c0a315b75c.jpg,Inavir,inavir,inavir,False,excluded,True,
C:\Users\Eng-Azhar\OneDrive\Desktop\DL_IM_Project\yemen_drug_database\images\cde1faaa2e2c.jpg,Inderal,inderal,inderal,False,excluded,True,
C:\Users\Eng-Azhar\OneDrive\Desktop\DL_IM_Project\yemen_drug_database\images\8ccb377241dc.jpg,Indometacin léčivé přípravky 2,indometacin lecive pripravky,indometacin lecive pripravky,True,train,True,10
C:\Users\Eng-Azhar\OneDrive\Desktop\DL_IM_Project\yemen_drug_database\images\fabed3dee369.jpg,Indometacin léčivé přípravky,indometacin lecive pripravky,indometacin lecive pripravky,True,val,True,10
C:\Users\Eng-Azhar\OneDrive\Desktop\DL_IM_Project\yemen_drug_database\images\efad85f70f7a.jpg,Inhalateur pour l'asthme isolé sur fond blanc (1) 01,inhalateur pour asthme isole sur fond blanc,inhalateur pour asthme isole sur fond blanc,True,train,True,11
C:\Users\Eng-Azhar\OneDrive\Desktop\DL_IM_Project\yemen_drug_database\images\7ffedb42e358.jpg,Inhalateur pour l'asthme isolé sur fond blanc (1) 02,inhalateur pour asthme isole sur fond blanc,inhalateur pour asthme isole sur fond blanc,True,train,True,11
C:\Users\Eng-Azhar\OneDrive\Desktop\DL_IM_Project\yemen_drug_database\images\fd7128c9ce5a.jpg,Inhalateur pour l'asthme isolé sur fond blanc (1) 03,inhalateur pour asthme isole sur fond blanc,inhalateur pour asthme isole sur fond blanc,True,train,True,11
C:\Users\Eng-Azhar\OneDrive\Desktop\DL_IM_Project\yemen_drug_database\images\77ca9ec8a11b.jpg,Inhalateur pour l'asthme isolé sur fond blanc (1) 04,inhalateur pour asthme isole sur fond blanc,inhalateur pour asthme isole sur fond blanc,True,train,True,11
C:\Users\Eng-Azhar\OneDrive\Desktop\DL_IM_Project\yemen_drug_database\images\abfe80635113.jpg,Inhalateur pour l'asthme isolé sur fond blanc (1) 05,inhalateur pour asthme isole sur fond blanc,inhalateur pour asthme isole sur fond blanc,True,train,True,11
C:\Users\Eng-Azhar\OneDrive\Desktop\DL_IM_Project\yemen_drug_database\images\5a139d6b00fa.jpg,Inhalateur pour l'asthme isolé sur fond blanc (1) 06,inhalateur pour asthme isole sur fond blanc,inhalateur pour asthme isole sur fond blanc,True,train,True,11
C:\Users\Eng-Azhar\OneDrive\Desktop\DL_IM_Project\yemen_drug_database\images\931895f7e8b1.jpg,Inhalateur pour l'asthme isolé sur fond blanc (1) 07,inhalateur pour asthme isole sur fond blanc,inhalateur pour asthme isole sur fond blanc,True,val,True,11
C:\Users\Eng-Azhar\OneDrive\Desktop\DL_IM_Project\yemen_drug_database\images\55d0f36d6876.jpg,Inhalateur pour l'asthme isolé sur fond blanc (1) 08,inhalateur pour asthme isole sur fond blanc,inhalateur pour asthme isole sur fond blanc,True,val,True,11
C:\Users\Eng-Azhar\OneDrive\Desktop\DL_IM_Project\yemen_drug_database\images\cd8735978f2d.jpg,Injexate 50 mg-ml inj,injexate mg-ml inj,injexate mg ml inj,False,excluded,True,
C:\Users\Eng-Azhar\OneDrive\Desktop\DL_IM_Project\yemen_drug_database\images\a4ad9b9c6874.jpg,IodineDistJapan,iodinedistjapan,iodinedistjapan,False,excluded,True,
C:\Users\Eng-Azhar\OneDrive\Desktop\DL_IM_Project\yemen_drug_database\images\74875aa63493.jpg,Isolyte 500 ml,isolyte ml,isolyte ml,False,excluded,True,
C:\Users\Eng-Azhar\OneDrive\Desktop\DL_IM_Project\yemen_drug_database\images\b270e4463a9f.jpg,Januvia sitagliptin,januvia sitagliptin,januvia sitagliptin,False,excluded,True,
C:\Users\Eng-Azhar\OneDrive\Desktop\DL_IM_Project\yemen_drug_database\images\918176f4537e.jpg,"Jardiance 10mg box, angle view",jardiance 10mg box angle view,jardiance 10mg box angle view,False,excluded,True,
C:\Users\Eng-Azhar\OneDrive\Desktop\DL_IM_Project\yemen_drug_database\images\a3b789e2ee10.jpg,"Jardiance 10mg box, front view",jardiance 10mg box front view,jardiance 10mg box front view,False,excluded,True,
C:\Users\Eng-Azhar\OneDrive\Desktop\DL_IM_Project\yemen_drug_database\images\10090461126c.jpg,Kallmann treatment methods,kallmann treatment methods,kallmann treatment methods,False,excluded,True,
C:\Users\Eng-Azhar\OneDrive\Desktop\DL_IM_Project\yemen_drug_database\images\ebc17a7e54d3.jpg,Kefalex,kefalex,kefalex,False,excluded,False,
C:\Users\Eng-Azhar\OneDrive\Desktop\DL_IM_Project\yemen_drug_database\images\d87fa11a32ff.jpg,Kenalog,kenalog,kenalog,False,excluded,True,
C:\Users\Eng-Azhar\OneDrive\Desktop\DL_IM_Project\yemen_drug_database\images\e9dfb9e3a638.jpg,Keppra 100 mg-ml,keppra mg-ml,keppra mg ml,False,excluded,True,
C:\Users\Eng-Azhar\OneDrive\Desktop\DL_IM_Project\yemen_drug_database\images\5fc178d5e895.jpg,Keppra 500 mg tbl,keppra mg tbl,keppra mg tbl,False,excluded,True,
C:\Users\Eng-Azhar\OneDrive\Desktop\DL_IM_Project\yemen_drug_database\images\9e38b74786b5.jpg,KIETYL 6mg,kietyl 6mg,kietyl 6mg,False,excluded,True,
C:\Users\Eng-Azhar\OneDrive\Desktop\DL_IM_Project\yemen_drug_database\images\0516b39f329a.jpg,Klacid 125 mg- ml gra,klacid mg- ml gra,klacid mg ml gra,False,excluded,True,
C:\Users\Eng-Azhar\OneDrive\Desktop\DL_IM_Project\yemen_drug_database\images\da2f6c0e2490.jpg,Klopidogrel,klopidogrel,klopidogrel,False,excluded,True,
C:\Users\Eng-Azhar\OneDrive\Desktop\DL_IM_Project\yemen_drug_database\images\65afa6760044.png,Korvalol,korvalol,korvalol,False,excluded,True,
C:\Users\Eng-Azhar\OneDrive\Desktop\DL_IM_Project\yemen_drug_database\images\664781b16dd9.jpg,Kruken,kruken,kruken,False,excluded,False,
C:\Users\Eng-Azhar\OneDrive\Desktop\DL_IM_Project\yemen_drug_database\images\de22f4f0d3e3.jpg,Kryptoprin Ampulle,kryptoprin ampulle,kryptoprin ampulle,False,excluded,True,
C:\Users\Eng-Azhar\OneDrive\Desktop\DL_IM_Project\yemen_drug_database\images\27148a9d2269.jpg,"Canister of Dr Jenner's indigestion powder, by Savory and Mo Wellcome L0057859",canister of dr jenner indigestion powder by savory,canister of dr jenner indigestion powder by savory,False,excluded,True,
C:\Users\Eng-Azhar\OneDrive\Desktop\DL_IM_Project\yemen_drug_database\images\2fbbcb9cd1f2.png,Lamogine 25mg,lamogine 25mg,lamogine 25mg,False,excluded,True,
C:\Users\Eng-Azhar\OneDrive\Desktop\DL_IM_Project\yemen_drug_database\images\614692e223fd.jpg,Largactil Chlorpromazine 30ml 4%,largactil chlorpromazine 30ml,largactil chlorpromazine 30ml,False,excluded,True,
C:\Users\Eng-Azhar\OneDrive\Desktop\DL_IM_Project\yemen_drug_database\images\c4cfcea71940.jpg,Latanoprost,latanoprost,latanoprost,False,excluded,True,
C:\Users\Eng-Azhar\OneDrive\Desktop\DL_IM_Project\yemen_drug_database\images\5db8095d9da5.jpg,Laudanum,laudanum,laudanum,False,excluded,True,
C:\Users\Eng-Azhar\OneDrive\Desktop\DL_IM_Project\yemen_drug_database\images\20f55b3ca86e.jpg,Lebens-Elixier TATAR,lebens-elixier tatar,lebens elixier tatar,False,excluded,True,
C:\Users\Eng-Azhar\OneDrive\Desktop\DL_IM_Project\yemen_drug_database\images\dfb2bafd1217.jpg,Lebrikizumab,lebrikizumab,lebrikizumab,False,excluded,True,
C:\Users\Eng-Azhar\OneDrive\Desktop\DL_IM_Project\yemen_drug_database\images\8b533f94ac1a.jpg,Leponex 100 mg,leponex mg,leponex mg,False,excluded,True,
C:\Users\Eng-Azhar\OneDrive\Desktop\DL_IM_Project\yemen_drug_database\images\276a7ad846ef.jpg,Leqvio,leqvio,leqvio,False,excluded,True,
C:\Users\Eng-Azhar\OneDrive\Desktop\DL_IM_Project\yemen_drug_database\images\b30d572722ac.jpg,Letrox,letrox,letrox,False,excluded,True,
C:\Users\Eng-Azhar\OneDrive\Desktop\DL_IM_Project\yemen_drug_database\images\2b49cac6cc9e.png,Levocetirizine,levocetirizine,levocetirizine,False,excluded,True,
C:\Users\Eng-Azhar\OneDrive\Desktop\DL_IM_Project\yemen_drug_database\images\04d43f3d75cd.jpg,Levopront levodropropizine5,levopront levodropropizine5,levopront levodropropizine5,False,excluded,True,
C:\Users\Eng-Azhar\OneDrive\Desktop\DL_IM_Project\yemen_drug_database\images\9ec1994bafc3.jpg,Levozin,levozin,levozin,False,excluded,True,
C:\Users\Eng-Azhar\OneDrive\Desktop\DL_IM_Project\yemen_drug_database\images\fb16c88ecbbe.jpg,Lihasrelaksantteja,lihasrelaksantteja,lihasrelaksantteja,False,excluded,True,
C:\Users\Eng-Azhar\OneDrive\Desktop\DL_IM_Project\yemen_drug_database\images\7b1f2807703d.jpg,Liquigen edit,liquigen edit,liquigen edit,False,excluded,True,
C:\Users\Eng-Azhar\OneDrive\Desktop\DL_IM_Project\yemen_drug_database\images\2eb670f91052.jpg,Liquigen,liquigen,liquigen,False,excluded,True,
C:\Users\Eng-Azhar\OneDrive\Desktop\DL_IM_Project\yemen_drug_database\images\0958d6af5c10.jpg,LOPRA,lopra,lopra,False,excluded,True,
C:\Users\Eng-Azhar\OneDrive\Desktop\DL_IM_Project\yemen_drug_database\images\d1f3f2d8bfd2.jpg,Lorazepam Orion,lorazepam orion,lorazepam orion,False,excluded,True,
C:\Users\Eng-Azhar\OneDrive\Desktop\DL_IM_Project\yemen_drug_database\images\195dfd68a7a6.png,LorenzoOil,lorenzooil,lorenzooil,False,excluded,True,
C:\Users\Eng-Azhar\OneDrive\Desktop\DL_IM_Project\yemen_drug_database\images\af44c19f2dcd.jpg,Losartan potassium1,losartan potassium1,losartan potassium1,False,excluded,True,
C:\Users\Eng-Azhar\OneDrive\Desktop\DL_IM_Project\yemen_drug_database\images\d85cc1dafea9.jpg,Loxapine,loxapine,loxapine,False,excluded,True,
C:\Users\Eng-Azhar\OneDrive\Desktop\DL_IM_Project\yemen_drug_database\images\49485dddfcf2.jpg,Lutefix Pro,lutefix pro,lutefix pro,False,excluded,True,
C:\Users\Eng-Azhar\OneDrive\Desktop\DL_IM_Project\yemen_drug_database\images\fcc66ac1e4f7.jpg,Lyrica 300mg Australia,lyrica 300mg australia,lyrica 300mg australia,False,excluded,True,
C:\Users\Eng-Azhar\OneDrive\Desktop\DL_IM_Project\yemen_drug_database\images\330190b00f3e.jpg,Maaloxx New package,maaloxx new package,maaloxx new package,False,excluded,True,
C:\Users\Eng-Azhar\OneDrive\Desktop\DL_IM_Project\yemen_drug_database\images\50cb5a163807.jpg,Maaloxx Old Package,maaloxx old package,maaloxx old package,False,excluded,True,
C:\Users\Eng-Azhar\OneDrive\Desktop\DL_IM_Project\yemen_drug_database\images\fd0479b75c61.jpg,Malarone,malarone,malarone,False,excluded,True,
C:\Users\Eng-Azhar\OneDrive\Desktop\DL_IM_Project\yemen_drug_database\images\534a5ce2fc21.jpg,Marcoumar package Austria,marcoumar package austria,marcoumar package austria,False,excluded,True,
C:\Users\Eng-Azhar\OneDrive\Desktop\DL_IM_Project\yemen_drug_database\images\778b1dba208f.jpg,Marzine,marzine,marzine,False,excluded,True,
C:\Users\Eng-Azhar\OneDrive\Desktop\DL_IM_Project\yemen_drug_database\images\8779cf69ec96.jpg,Masc,masc,masc,False,excluded,True,
C:\Users\Eng-Azhar\OneDrive\Desktop\DL_IM_Project\yemen_drug_database\images\81902e5d79f5.jpg,Masztika Chios Masticha Tere,masztika chios masticha tere,masztika chios masticha tere,False,excluded,True,
C:\Users\Eng-Azhar\OneDrive\Desktop\DL_IM_Project\yemen_drug_database\images\3c4144448f9c.jpg,Maxiquine,maxiquine,maxiquine,False,excluded,True,
C:\Users\Eng-Azhar\OneDrive\Desktop\DL_IM_Project\yemen_drug_database\images\33681d40e6c4.jpg,Mebendazole liquid,mebendazole liquid,mebendazole liquid,False,excluded,True,
C:\Users\Eng-Azhar\OneDrive\Desktop\DL_IM_Project\yemen_drug_database\images\8b3ecf497f5c.jpg,Mebendazole tablets in UK,mebendazole tablets in uk,mebendazole tablets in uk,False,excluded,True,
C:\Users\Eng-Azhar\OneDrive\Desktop\DL_IM_Project\yemen_drug_database\images\fc1c56d2860f.jpg,Mebendazole tablets,mebendazole tablets,mebendazole tablets,False,excluded,True,
C:\Users\Eng-Azhar\OneDrive\Desktop\DL_IM_Project\yemen_drug_database\images\1edae584a7e0.jpg,Mebeverine Chlorhydrate LP BEKER 200mg,mebeverine chlorhydrate lp beker 200mg,mebeverine chlorhydrate lp beker 200mg,False,excluded,True,
C:\Users\Eng-Azhar\OneDrive\Desktop\DL_IM_Project\yemen_drug_database\images\9aafb5fa4c15.jpg,Mediator-1981-1,mediator,mediator,True,val,True,12
C:\Users\Eng-Azhar\OneDrive\Desktop\DL_IM_Project\yemen_drug_database\images\a22a3353b532.jpg,Mediator-1981-2,mediator,mediator,True,train,True,12
C:\Users\Eng-Azhar\OneDrive\Desktop\DL_IM_Project\yemen_drug_database\images\961cb0e74ae8.jpg,Mediator-1981-3,mediator,mediator,True,train,False,12
C:\Users\Eng-Azhar\OneDrive\Desktop\DL_IM_Project\yemen_drug_database\images\bdb2985a3ba4.jpg,Medicamento contra las Cuartanas,medicamento contra las cuartanas,medicamento contra las cuartanas,False,excluded,True,
C:\Users\Eng-Azhar\OneDrive\Desktop\DL_IM_Project\yemen_drug_database\images\3195f2ec5c39.jpg,Medicamentos - PUC,medicamentos puc,medicamentos puc,False,excluded,True,
C:\Users\Eng-Azhar\OneDrive\Desktop\DL_IM_Project\yemen_drug_database\images\1ac25f0783d2.png,Medicamentos,medicamentos,medicamentos,False,excluded,True,
C:\Users\Eng-Azhar\OneDrive\Desktop\DL_IM_Project\yemen_drug_database\images\4279b25680e0.jpg,Medicationlevodopa,medicationlevodopa,medicationlevodopa,False,excluded,True,
C:\Users\Eng-Azhar\OneDrive\Desktop\DL_IM_Project\yemen_drug_database\images\d8fe047159a0.jpg,Mediciner (Small),mediciner small,mediciner small,False,excluded,True,
C:\Users\Eng-Azhar\OneDrive\Desktop\DL_IM_Project\yemen_drug_database\images\6112d9fb98ed.jpg,Medicines for nutrition (13920566665),medicines for nutrition,medicines for nutrition,False,excluded,True,
C:\Users\Eng-Azhar\OneDrive\Desktop\DL_IM_Project\yemen_drug_database\images\30ecd07394b3.jpg,Medikamentenverpackung mit PZN,medikamentenverpackung mit pzn,medikamentenverpackung mit pzn,False,excluded,True,
C:\Users\Eng-Azhar\OneDrive\Desktop\DL_IM_Project\yemen_drug_database\images\2d1b4d90e900.jpg,Medpride Hydrocortisone Cream1,medpride hydrocortisone cream1,medpride hydrocortisone cream1,False,excluded,True,
C:\Users\Eng-Azhar\OneDrive\Desktop\DL_IM_Project\yemen_drug_database\images\7ec822b0e11c.jpg,"Medrol, 32 mG methylprednisolone tablets by Pfizer which are made in Romania",medrol mg methylprednisolone tablets by pfizer which are,medrol mg methylprednisolone tablets by pfizer which are,False,excluded,True,
C:\Users\Eng-Azhar\OneDrive\Desktop\DL_IM_Project\yemen_drug_database\images\a67ec6315eed.jpg,Meitar Collection (997008136729205171),meitar collection,meitar collection,True,train,True,13
C:\Users\Eng-Azhar\OneDrive\Desktop\DL_IM_Project\yemen_drug_database\images\a1c240a1d1f2.jpg,Meitar Collection (997008136729305171),meitar collection,meitar collection,True,val,True,13
C:\Users\Eng-Azhar\OneDrive\Desktop\DL_IM_Project\yemen_drug_database\images\68ad209ed7d7.jpg,Mercromina Bottle,mercromina bottle,mercromina bottle,False,excluded,True,
C:\Users\Eng-Azhar\OneDrive\Desktop\DL_IM_Project\yemen_drug_database\images\dd0a9cd5e649.jpg,Mercromina package,mercromina package,mercromina package,False,excluded,True,
C:\Users\Eng-Azhar\OneDrive\Desktop\DL_IM_Project\yemen_drug_database\images\7955ed7be047.jpg,Methotrexat Ebewe 10 mg tbl,methotrexat ebewe mg tbl,methotrexat ebewe mg tbl,False,excluded,True,
C:\Users\Eng-Azhar\OneDrive\Desktop\DL_IM_Project\yemen_drug_database\images\0b7e0e597338.jpg,Methylphenidat generics germany,methylphenidat generics germany,methylphenidat generics germany,False,excluded,True,
C:\Users\Eng-Azhar\OneDrive\Desktop\DL_IM_Project\yemen_drug_database\images\5cef94f19be4.jpg,Methylphenidat medikinet,methylphenidat medikinet,methylphenidat medikinet,False,excluded,True,
C:\Users\Eng-Azhar\OneDrive\Desktop\DL_IM_Project\yemen_drug_database\images\0a0ae0f42a19.jpg,Methylprednisolone vial,methylprednisolone vial,methylprednisolone vial,False,excluded,True,
C:\Users\Eng-Azhar\OneDrive\Desktop\DL_IM_Project\yemen_drug_database\images\192d4b15139c.jpg,Metronidazole,metronidazole,metronidazole,False,excluded,True,
C:\Users\Eng-Azhar\OneDrive\Desktop\DL_IM_Project\yemen_drug_database\images\77106ebadd2f.jpg,Microgen Intestibacteriophage,microgen intestibacteriophage,microgen intestibacteriophage,False,excluded,True,
C:\Users\Eng-Azhar\OneDrive\Desktop\DL_IM_Project\yemen_drug_database\images\6f14706d644f.jpg,Miles Nervine Effervescent Tablets,miles nervine effervescent tablets,miles nervine effervescent tablets,False,excluded,True,
C:\Users\Eng-Azhar\OneDrive\Desktop\DL_IM_Project\yemen_drug_database\images\1112b628e9e0.png,Milgamma inject,milgamma inject,milgamma inject,False,excluded,True,
C:\Users\Eng-Azhar\OneDrive\Desktop\DL_IM_Project\yemen_drug_database\images\58376a70f159.jpg,Milurit 300 mg tbl,milurit mg tbl,milurit mg tbl,False,excluded,True,
C:\Users\Eng-Azhar\OneDrive\Desktop\DL_IM_Project\yemen_drug_database\images\5e0d5c0c789e.jpg,Mirtazapine,mirtazapine,mirtazapine,False,excluded,True,
C:\Users\Eng-Azhar\OneDrive\Desktop\DL_IM_Project\yemen_drug_database\images\8db7c385912f.jpg,Mirtazepine,mirtazepine,mirtazepine,False,excluded,True,
C:\Users\Eng-Azhar\OneDrive\Desktop\DL_IM_Project\yemen_drug_database\images\670c31d30329.jpg,Momate,momate,momate,False,excluded,True,
C:\Users\Eng-Azhar\OneDrive\Desktop\DL_IM_Project\yemen_drug_database\images\ff4819529d32.jpg,Morphin 1% 1 ml amp,morphin ml amp,morphin ml amp,False,excluded,True,
C:\Users\Eng-Azhar\OneDrive\Desktop\DL_IM_Project\yemen_drug_database\images\35c75f63c1b5.jpg,Motiron Ritalin 1,motiron ritalin,motiron ritalin,False,excluded,True,
C:\Users\Eng-Azhar\OneDrive\Desktop\DL_IM_Project\yemen_drug_database\images\0ab71ccf6a51.jpg,Myozyme,myozyme,myozyme,False,excluded,False,
C:\Users\Eng-Azhar\OneDrive\Desktop\DL_IM_Project\yemen_drug_database\images\702be130d4c1.jpg,Naldebain pack shots,naldebain pack shots,naldebain pack shots,False,excluded,True,
C:\Users\Eng-Azhar\OneDrive\Desktop\DL_IM_Project\yemen_drug_database\images\75b4d0e6b9c6.jpg,Naltrexone Hydrochloride,naltrexone hydrochloride,naltrexone hydrochloride,False,excluded,True,
C:\Users\Eng-Azhar\OneDrive\Desktop\DL_IM_Project\yemen_drug_database\images\f9a0d2c01f6d.jpg,NEO-K (Potassium Supplement),neo-k potassium supplement,neo k potassium supplement,False,excluded,True,
C:\Users\Eng-Azhar\OneDrive\Desktop\DL_IM_Project\yemen_drug_database\images\57737f1a8b9c.jpg,Nesina Sales In China,nesina sales in china,nesina sales in china,False,excluded,True,
C:\Users\Eng-Azhar\OneDrive\Desktop\DL_IM_Project\yemen_drug_database\images\c8fa7e395944.jpg,Neuleptil 125ml,neuleptil 125ml,neuleptil 125ml,False,excluded,True,
C:\Users\Eng-Azhar\OneDrive\Desktop\DL_IM_Project\yemen_drug_database\images\e5ef99987fe0.jpg,NFA.19823,nfa,nfa,False,excluded,True,
C:\Users\Eng-Azhar\OneDrive\Desktop\DL_IM_Project\yemen_drug_database\images\8321d14bc97d.jpg,Nizoral,nizoral,nizoral,False,excluded,True,
C:\Users\Eng-Azhar\OneDrive\Desktop\DL_IM_Project\yemen_drug_database\images\22bb3bc529a1.jpg,Norvasc Amlodipine,norvasc amlodipine,norvasc amlodipine,False,excluded,True,
C:\Users\Eng-Azhar\OneDrive\Desktop\DL_IM_Project\yemen_drug_database\images\a2ad0f0a3b42.jpg,NTM 16723 nyegaard & co globoid machine oslo 1938 IMG 0914,ntm nyegaard co globoid machine oslo,ntm nyegaard co globoid machine oslo,True,val,True,14
C:\Users\Eng-Azhar\OneDrive\Desktop\DL_IM_Project\yemen_drug_database\images\2d2c67feff56.jpg,NTM 16723 nyegaard & co globoid machine oslo 1938 IMG 0915,ntm nyegaard co globoid machine oslo,ntm nyegaard co globoid machine oslo,True,train,True,14
C:\Users\Eng-Azhar\OneDrive\Desktop\DL_IM_Project\yemen_drug_database\images\ddd0e83a89d3.jpg,Nycomed Globoid machine 1937 IMG 7499,nycomed globoid machine,nycomed globoid machine,True,train,True,15
C:\Users\Eng-Azhar\OneDrive\Desktop\DL_IM_Project\yemen_drug_database\images\b8cd1930932b.jpg,Nycomed Globoid machine 1937 IMG 7500,nycomed globoid machine,nycomed globoid machine,True,val,True,15
C:\Users\Eng-Azhar\OneDrive\Desktop\DL_IM_Project\yemen_drug_database\images\0ace2b9f7f5d.jpg,Nycomed Globoid machine 1937 IMG 7501,nycomed globoid machine,nycomed globoid machine,True,train,True,15
C:\Users\Eng-Azhar\OneDrive\Desktop\DL_IM_Project\yemen_drug_database\images\723576180ecd.jpg,Nycomed Globoid machine 1937 IMG 7502,nycomed globoid machine,nycomed globoid machine,True,train,True,15
C:\Users\Eng-Azhar\OneDrive\Desktop\DL_IM_Project\yemen_drug_database\images\f785c0b29c49.jpg,Nycomed Globoid machine 1937 IMG 7503,nycomed globoid machine,nycomed globoid machine,True,train,True,15
C:\Users\Eng-Azhar\OneDrive\Desktop\DL_IM_Project\yemen_drug_database\images\8edb868d32d9.jpg,Obat Balsem Geliga,obat balsem geliga,obat balsem geliga,False,excluded,True,
C:\Users\Eng-Azhar\OneDrive\Desktop\DL_IM_Project\yemen_drug_database\images\ee16945c931f.jpg,Obat Batuk Dan Flu Sirup OBH Combi,obat batuk dan flu sirup obh combi,obat batuk dan flu sirup obh combi,False,excluded,True,
C:\Users\Eng-Azhar\OneDrive\Desktop\DL_IM_Project\yemen_drug_database\images\10db27243c24.jpg,Obat Batuk Dan Flu Sirup Siladex,obat batuk dan flu sirup siladex,obat batuk dan flu sirup siladex,False,excluded,True,
C:\Users\Eng-Azhar\OneDrive\Desktop\DL_IM_Project\yemen_drug_database\images\5830bbdd81b4.jpg,Obat Gosok Cap Kapak,obat gosok cap kapak,obat gosok cap kapak,False,excluded,False,
C:\Users\Eng-Azhar\OneDrive\Desktop\DL_IM_Project\yemen_drug_database\images\46eb989614f5.jpg,Obat Minyak Angin Cap Kapak 2,obat minyak angin cap kapak,obat minyak angin cap kapak,False,excluded,True,
C:\Users\Eng-Azhar\OneDrive\Desktop\DL_IM_Project\yemen_drug_database\images\aec37a8d05a3.jpg,Ocsaar Ocsaar Plus,ocsaar ocsaar plus,ocsaar ocsaar plus,False,excluded,True,
C:\Users\Eng-Azhar\OneDrive\Desktop\DL_IM_Project\yemen_drug_database\images\9e93198c45ab.jpg,Old bottle of Mentholatum,old bottle of mentholatum,old bottle of mentholatum,False,excluded,True,
C:\Users\Eng-Azhar\OneDrive\Desktop\DL_IM_Project\yemen_drug_database\images\4c31f412ac3b.jpg,Olumiant medication 4mg Canada,olumiant medication 4mg canada,olumiant medication 4mg canada,False,excluded,True,
C:\Users\Eng-Azhar\OneDrive\Desktop\DL_IM_Project\yemen_drug_database\images\2931ba405874.jpg,"One of two cartons of slimming pills, by Savory and Moore Lt Wellcome L0059080",one of two cartons of slimming pills by,one of two cartons of slimming pills by,False,excluded,True,
C:\Users\Eng-Azhar\OneDrive\Desktop\DL_IM_Project\yemen_drug_database\images\ae147eb47f26.jpg,Orbax,orbax,orbax,False,excluded,True,
C:\Users\Eng-Azhar\OneDrive\Desktop\DL_IM_Project\yemen_drug_database\images\377cb3998e3b.jpg,Ortanol 20 mg cps,ortanol mg cps,ortanol mg cps,False,excluded,True,
C:\Users\Eng-Azhar\OneDrive\Desktop\DL_IM_Project\yemen_drug_database\images\a3dccfb7a341.jpg,"Orzepam Lorazepam 2,5mg",orzepam lorazepam 5mg,orzepam lorazepam 5mg,False,excluded,False,
C:\Users\Eng-Azhar\OneDrive\Desktop\DL_IM_Project\yemen_drug_database\images\0429f0ddc0f4.jpg,Oseltamivir,oseltamivir,oseltamivir,False,excluded,True,
C:\Users\Eng-Azhar\OneDrive\Desktop\DL_IM_Project\yemen_drug_database\images\155efe74f8e7.jpg,Ospen,ospen,ospen,False,excluded,True,
C:\Users\Eng-Azhar\OneDrive\Desktop\DL_IM_Project\yemen_drug_database\images\80771bf8ea11.jpg,Ota medicinal powder for the stomach,ota medicinal powder for the stomach,ota medicinal powder for the stomach,False,excluded,False,
C:\Users\Eng-Azhar\OneDrive\Desktop\DL_IM_Project\yemen_drug_database\images\eb33d4ff7d24.jpg,OTC drugs,otc drugs,otc drugs,False,excluded,True,
C:\Users\Eng-Azhar\OneDrive\Desktop\DL_IM_Project\yemen_drug_database\images\f69a281b9572.jpg,Oxomémazine Mylan 0.33mg par ml,oxomemazine mylan 0.33mg par ml,oxomemazine mylan 0 33mg par ml,False,excluded,True,
C:\Users\Eng-Azhar\OneDrive\Desktop\DL_IM_Project\yemen_drug_database\images\0181602662fe.jpg,Package Dihydrocodeine Mundipharma 60 mg,package dihydrocodeine mundipharma mg,package dihydrocodeine mundipharma mg,False,excluded,True,
C:\Users\Eng-Azhar\OneDrive\Desktop\DL_IM_Project\yemen_drug_database\images\216c75692fa8.jpg,Package Enbrel by Pfizer with PZN and Epedigree-6410,package enbrel by pfizer with pzn and epedigree-6410,package enbrel by pfizer with pzn and epedigree 6410,False,excluded,True,
C:\Users\Eng-Azhar\OneDrive\Desktop\DL_IM_Project\yemen_drug_database\images\5b31572c891a.jpg,Package tracking barcode scanner,package tracking barcode scanner,package tracking barcode scanner,False,excluded,True,
C:\Users\Eng-Azhar\OneDrive\Desktop\DL_IM_Project\yemen_drug_database\images\ac4032b7311a.jpg,Packaging for Marzine anti-nausea drug Wellcome L0037305,packaging for marzine anti-nausea drug wellcome l0037305,packaging for marzine anti nausea drug wellcome l0037305,False,excluded,True,
C:\Users\Eng-Azhar\OneDrive\Desktop\DL_IM_Project\yemen_drug_database\images\08407f64ccb0.jpg,Packaging of Mildronate,packaging of mildronate,packaging of mildronate,False,excluded,True,
C:\Users\Eng-Azhar\OneDrive\Desktop\DL_IM_Project\yemen_drug_database\images\aa9860a063ef.jpg,PackshottSportVisOK,packshottsportvisok,packshottsportvisok,False,excluded,True,
C:\Users\Eng-Azhar\OneDrive\Desktop\DL_IM_Project\yemen_drug_database\images\5340aa1ba171.jpg,Pain Relievers at Kroger,pain relievers at kroger,pain relievers at kroger,False,excluded,True,
C:\Users\Eng-Azhar\OneDrive\Desktop\DL_IM_Project\yemen_drug_database\images\0f296fe286c4.jpg,Paklitaxel,paklitaxel,paklitaxel,False,excluded,True,
C:\Users\Eng-Azhar\OneDrive\Desktop\DL_IM_Project\yemen_drug_database\images\2d05bee7c200.jpg,Palexia IR 50mg (Australia),palexia ir 50mg australia,palexia ir 50mg australia,False,excluded,True,
C:\Users\Eng-Azhar\OneDrive\Desktop\DL_IM_Project\yemen_drug_database\images\402e448efd7a.jpg,Palmnturn,palmnturn,palmnturn,False,excluded,True,
C:\Users\Eng-Azhar\OneDrive\Desktop\DL_IM_Project\yemen_drug_database\images\d6f05c0e5239.jpg,Panaritium RH (13),panaritium rh,panaritium rh,False,excluded,True,
C:\Users\Eng-Azhar\OneDrive\Desktop\DL_IM_Project\yemen_drug_database\images\bdfa1cb3c947.jpg,Paolo Monti - Servizio fotografico - BEIC 6343221,paolo monti servizio fotografico beic,paolo monti servizio fotografico beic,True,val,True,16
C:\Users\Eng-Azhar\OneDrive\Desktop\DL_IM_Project\yemen_drug_database\images\9dd9671820f2.jpg,Paolo Monti - Servizio fotografico - BEIC 6343222,paolo monti servizio fotografico beic,paolo monti servizio fotografico beic,True,train,True,16
C:\Users\Eng-Azhar\OneDrive\Desktop\DL_IM_Project\yemen_drug_database\images\e43378aeecd9.jpg,Paolo Monti - Servizio fotografico - BEIC 6343223,paolo monti servizio fotografico beic,paolo monti servizio fotografico beic,True,train,False,16
C:\Users\Eng-Azhar\OneDrive\Desktop\DL_IM_Project\yemen_drug_database\images\4b2b6b0a915e.jpg,Paolo Monti - Servizio fotografico - BEIC 6343225,paolo monti servizio fotografico beic,paolo monti servizio fotografico beic,True,train,True,16
C:\Users\Eng-Azhar\OneDrive\Desktop\DL_IM_Project\yemen_drug_database\images\a2f367c51717.jpg,Paolo Monti - Servizio fotografico - BEIC 6343226,paolo monti servizio fotografico beic,paolo monti servizio fotografico beic,True,train,True,16
C:\Users\Eng-Azhar\OneDrive\Desktop\DL_IM_Project\yemen_drug_database\images\586ff0d517f8.jpg,Paolo Monti - Servizio fotografico - BEIC 6343227,paolo monti servizio fotografico beic,paolo monti servizio fotografico beic,True,train,True,16
C:\Users\Eng-Azhar\OneDrive\Desktop\DL_IM_Project\yemen_drug_database\images\14e88ba98fe5.jpg,Paolo Monti - Servizio fotografico - BEIC 6343228,paolo monti servizio fotografico beic,paolo monti servizio fotografico beic,True,val,True,16
C:\Users\Eng-Azhar\OneDrive\Desktop\DL_IM_Project\yemen_drug_database\images\9a9a69865094.jpg,Paolo Monti - Servizio fotografico - BEIC 6343229,paolo monti servizio fotografico beic,paolo monti servizio fotografico beic,True,val,True,16
C:\Users\Eng-Azhar\OneDrive\Desktop\DL_IM_Project\yemen_drug_database\images\4e7118b24aa8.jpg,Paolo Monti - Servizio fotografico - BEIC 6343230,paolo monti servizio fotografico beic,paolo monti servizio fotografico beic,True,train,True,16
C:\Users\Eng-Azhar\OneDrive\Desktop\DL_IM_Project\yemen_drug_database\images\ce3bde3bd9a4.jpg,Paolo Monti - Servizio fotografico - BEIC 6343231,paolo monti servizio fotografico beic,paolo monti servizio fotografico beic,True,train,True,16
C:\Users\Eng-Azhar\OneDrive\Desktop\DL_IM_Project\yemen_drug_database\images\6995f3e5f385.jpg,Paolo Monti - Servizio fotografico - BEIC 6343232,paolo monti servizio fotografico beic,paolo monti servizio fotografico beic,True,train,True,16
C:\Users\Eng-Azhar\OneDrive\Desktop\DL_IM_Project\yemen_drug_database\images\bb7c8d878ff2.jpg,Paolo Monti - Servizio fotografico - BEIC 6343233,paolo monti servizio fotografico beic,paolo monti servizio fotografico beic,True,train,True,16
C:\Users\Eng-Azhar\OneDrive\Desktop\DL_IM_Project\yemen_drug_database\images\52c9fa55d260.jpg,Paolo Monti - Servizio fotografico - BEIC 6343234,paolo monti servizio fotografico beic,paolo monti servizio fotografico beic,True,train,True,16
C:\Users\Eng-Azhar\OneDrive\Desktop\DL_IM_Project\yemen_drug_database\images\f6f974aa446e.jpg,Paolo Monti - Servizio fotografico - BEIC 6343235,paolo monti servizio fotografico beic,paolo monti servizio fotografico beic,True,train,True,16
C:\Users\Eng-Azhar\OneDrive\Desktop\DL_IM_Project\yemen_drug_database\images\8061ed538655.jpg,Paolo Monti - Servizio fotografico - BEIC 6343236,paolo monti servizio fotografico beic,paolo monti servizio fotografico beic,True,train,True,16
C:\Users\Eng-Azhar\OneDrive\Desktop\DL_IM_Project\yemen_drug_database\images\a166799f6560.jpg,Paolo Monti - Servizio fotografico - BEIC 6347060,paolo monti servizio fotografico beic,paolo monti servizio fotografico beic,True,val,True,16
C:\Users\Eng-Azhar\OneDrive\Desktop\DL_IM_Project\yemen_drug_database\images\a830a48e5b69.jpg,Paolo Monti - Servizio fotografico - BEIC 6355525,paolo monti servizio fotografico beic,paolo monti servizio fotografico beic,True,train,True,16
C:\Users\Eng-Azhar\OneDrive\Desktop\DL_IM_Project\yemen_drug_database\images\38f3a32cd705.jpg,Paolo Monti - Servizio fotografico - BEIC 6355527,paolo monti servizio fotografico beic,paolo monti servizio fotografico beic,True,train,True,16
C:\Users\Eng-Azhar\OneDrive\Desktop\DL_IM_Project\yemen_drug_database\images\efa15095eda5.jpg,Paolo Monti - Servizio fotografico - BEIC 6355528,paolo monti servizio fotografico beic,paolo monti servizio fotografico beic,True,train,True,16
C:\Users\Eng-Azhar\OneDrive\Desktop\DL_IM_Project\yemen_drug_database\images\d448e1a852db.jpg,Paolo Monti - Servizio fotografico - BEIC 6355529,paolo monti servizio fotografico beic,paolo monti servizio fotografico beic,True,train,True,16
C:\Users\Eng-Azhar\OneDrive\Desktop\DL_IM_Project\yemen_drug_database\images\96d733982492.jpg,Paolo Monti - Servizio fotografico - BEIC 6355530,paolo monti servizio fotografico beic,paolo monti servizio fotografico beic,True,train,True,16
C:\Users\Eng-Azhar\OneDrive\Desktop\DL_IM_Project\yemen_drug_database\images\446eef845e27.jpg,Paolo Monti - Servizio fotografico - BEIC 6355531,paolo monti servizio fotografico beic,paolo monti servizio fotografico beic,True,train,True,16
C:\Users\Eng-Azhar\OneDrive\Desktop\DL_IM_Project\yemen_drug_database\images\b8a68f3a3958.jpg,Paolo Monti - Servizio fotografico - BEIC 6355532,paolo monti servizio fotografico beic,paolo monti servizio fotografico beic,True,val,True,16
C:\Users\Eng-Azhar\OneDrive\Desktop\DL_IM_Project\yemen_drug_database\images\a1e4227934f1.jpg,Paolo Monti - Servizio fotografico - BEIC 6355533,paolo monti servizio fotografico beic,paolo monti servizio fotografico beic,True,train,True,16
C:\Users\Eng-Azhar\OneDrive\Desktop\DL_IM_Project\yemen_drug_database\images\30c08d638a72.jpg,Paolo Monti - Servizio fotografico - BEIC 6355534,paolo monti servizio fotografico beic,paolo monti servizio fotografico beic,True,train,True,16
C:\Users\Eng-Azhar\OneDrive\Desktop\DL_IM_Project\yemen_drug_database\images\70ad1e2e25b1.jpg,Paolo Monti - Servizio fotografico - BEIC 6355535,paolo monti servizio fotografico beic,paolo monti servizio fotografico beic,True,train,True,16
C:\Users\Eng-Azhar\OneDrive\Desktop\DL_IM_Project\yemen_drug_database\images\8e736d2c881f.jpg,Paolo Monti - Servizio fotografico - BEIC 6355536,paolo monti servizio fotografico beic,paolo monti servizio fotografico beic,True,val,True,16
C:\Users\Eng-Azhar\OneDrive\Desktop\DL_IM_Project\yemen_drug_database\images\0939dfb68a00.jpg,Paolo Monti - Servizio fotografico - BEIC 6355537,paolo monti servizio fotografico beic,paolo monti servizio fotografico beic,True,train,True,16
C:\Users\Eng-Azhar\OneDrive\Desktop\DL_IM_Project\yemen_drug_database\images\bbec27b6c6fc.jpg,Paolo Monti - Servizio fotografico - BEIC 6355538,paolo monti servizio fotografico beic,paolo monti servizio fotografico beic,True,train,True,16
C:\Users\Eng-Azhar\OneDrive\Desktop\DL_IM_Project\yemen_drug_database\images\b5613beceba4.jpg,Paolo Monti - Servizio fotografico - BEIC 6355540,paolo monti servizio fotografico beic,paolo monti servizio fotografico beic,True,train,True,16
C:\Users\Eng-Azhar\OneDrive\Desktop\DL_IM_Project\yemen_drug_database\images\94a0756a4379.jpg,Paolo Monti - Servizio fotografico - BEIC 6355541,paolo monti servizio fotografico beic,paolo monti servizio fotografico beic,True,train,True,16
C:\Users\Eng-Azhar\OneDrive\Desktop\DL_IM_Project\yemen_drug_database\images\18629af72a2a.jpg,Paolo Monti - Servizio fotografico - BEIC 6355542,paolo monti servizio fotografico beic,paolo monti servizio fotografico beic,True,val,True,16
C:\Users\Eng-Azhar\OneDrive\Desktop\DL_IM_Project\yemen_drug_database\images\8226cf4f5c25.jpg,Paolo Monti - Servizio fotografico - BEIC 6355550,paolo monti servizio fotografico beic,paolo monti servizio fotografico beic,True,train,True,16
C:\Users\Eng-Azhar\OneDrive\Desktop\DL_IM_Project\yemen_drug_database\images\71628f7ed814.jpg,Paolo Monti - Servizio fotografico - BEIC 6356076,paolo monti servizio fotografico beic,paolo monti servizio fotografico beic,True,train,True,16
C:\Users\Eng-Azhar\OneDrive\Desktop\DL_IM_Project\yemen_drug_database\images\ecce498d08b8.jpg,Paolo Monti - Servizio fotografico - BEIC 6356125,paolo monti servizio fotografico beic,paolo monti servizio fotografico beic,True,train,True,16
C:\Users\Eng-Azhar\OneDrive\Desktop\DL_IM_Project\yemen_drug_database\images\8f8499244ba6.jpg,Paolo Monti - Servizio fotografico - BEIC 6356130,paolo monti servizio fotografico beic,paolo monti servizio fotografico beic,True,train,True,16
C:\Users\Eng-Azhar\OneDrive\Desktop\DL_IM_Project\yemen_drug_database\images\693dbef67f63.jpg,Paralen,paralen,paralen,False,excluded,True,
C:\Users\Eng-Azhar\OneDrive\Desktop\DL_IM_Project\yemen_drug_database\images\7bfd4c66ad86.jpg,Pedialyte nutrition fact2,pedialyte nutrition fact2,pedialyte nutrition fact2,False,excluded,True,
C:\Users\Eng-Azhar\OneDrive\Desktop\DL_IM_Project\yemen_drug_database\images\ec993d7941a7.jpg,Pentothal vintage package - truth serum,pentothal vintage package truth serum,pentothal vintage package truth serum,False,excluded,True,
C:\Users\Eng-Azhar\OneDrive\Desktop\DL_IM_Project\yemen_drug_database\images\f86f282f029d.jpg,PEPTODISMOL,peptodismol,peptodismol,False,excluded,True,
C:\Users\Eng-Azhar\OneDrive\Desktop\DL_IM_Project\yemen_drug_database\images\ed4d6148c2f0.jpg,Pervitin (Werbeanzeige auf rumänisch),pervitin werbeanzeige auf rumanisch,pervitin werbeanzeige auf rumanisch,False,excluded,True,
C:\Users\Eng-Azhar\OneDrive\Desktop\DL_IM_Project\yemen_drug_database\images\5d8aaa65edb2.jpg,Pfizer Trosyd Dermal Cream tube package and product description 20090324,pfizer trosyd dermal cream tube package and product,pfizer trosyd dermal cream tube package and product,False,excluded,True,
C:\Users\Eng-Azhar\OneDrive\Desktop\DL_IM_Project\yemen_drug_database\images\af5f862a3b1f.jpg,"Pharmacy,glass",pharmacy glass,pharmacy glass,False,excluded,True,
C:\Users\Eng-Azhar\OneDrive\Desktop\DL_IM_Project\yemen_drug_database\images\6172137df875.png,Pharmaton Ailesi,pharmaton ailesi,pharmaton ailesi,False,excluded,True,
C:\Users\Eng-Azhar\OneDrive\Desktop\DL_IM_Project\yemen_drug_database\images\7053ffb318ff.jpg,Pharmazeutische Flaschen aus Behälterglas,pharmazeutische flaschen aus behalterglas,pharmazeutische flaschen aus behalterglas,False,excluded,True,
C:\Users\Eng-Azhar\OneDrive\Desktop\DL_IM_Project\yemen_drug_database\images\6a837dfeb557.jpg,Phenergan 25mg tablets (UK),phenergan 25mg tablets uk,phenergan 25mg tablets uk,False,excluded,True,
C:\Users\Eng-Azhar\OneDrive\Desktop\DL_IM_Project\yemen_drug_database\images\2e7facb3f4bb.jpg,PhenlzineSulfate15mgERFAmanufacturer (Israel),phenlzinesulfate15mgerfamanufacturer israel,phenlzinesulfate15mgerfamanufacturer israel,False,excluded,True,
C:\Users\Eng-Azhar\OneDrive\Desktop\DL_IM_Project\yemen_drug_database\images\4092adc41097.jpg,Picamilon,picamilon,picamilon,False,excluded,True,
C:\Users\Eng-Azhar\OneDrive\Desktop\DL_IM_Project\yemen_drug_database\images\f3daa90ad6c1.png,Pilulier Medipac ouvert,pilulier medipac ouvert,pilulier medipac ouvert,False,excluded,True,
C:\Users\Eng-Azhar\OneDrive\Desktop\DL_IM_Project\yemen_drug_database\images\03da6c8ec104.png,Pilulier Medipac,pilulier medipac,pilulier medipac,False,excluded,True,
C:\Users\Eng-Azhar\OneDrive\Desktop\DL_IM_Project\yemen_drug_database\images\c5382469465b.jpg,Pinaquine Quetiapine200mg,pinaquine quetiapine200mg,pinaquine quetiapine200mg,False,excluded,True,
C:\Users\Eng-Azhar\OneDrive\Desktop\DL_IM_Project\yemen_drug_database\images\67cef5fa1887.jpg,Pinxav,pinxav,pinxav,False,excluded,True,
C:\Users\Eng-Azhar\OneDrive\Desktop\DL_IM_Project\yemen_drug_database\images\d3d3cac80d0f.jpg,Plan b one step,plan one step,plan one step,False,excluded,True,
C:\Users\Eng-Azhar\OneDrive\Desktop\DL_IM_Project\yemen_drug_database\images\77e25bcb9e4f.jpg,Plastibase Japan,plastibase japan,plastibase japan,False,excluded,True,
C:\Users\Eng-Azhar\OneDrive\Desktop\DL_IM_Project\yemen_drug_database\images\7f261c9aaabd.jpg,Plavix 2007-04-19,plavix,plavix,False,excluded,True,
C:\Users\Eng-Azhar\OneDrive\Desktop\DL_IM_Project\yemen_drug_database\images\16d1f67b13d6.jpg,Plendil ER 10 mg tbl,plendil er mg tbl,plendil er mg tbl,False,excluded,True,
C:\Users\Eng-Azhar\OneDrive\Desktop\DL_IM_Project\yemen_drug_database\images\475d6db1a044.jpg,Po Chai Pills,po chai pills,po chai pills,False,excluded,True,
C:\Users\Eng-Azhar\OneDrive\Desktop\DL_IM_Project\yemen_drug_database\images\895002767695.jpg,Podophyllin Cream,podophyllin cream,podophyllin cream,False,excluded,True,
